x-axis,1,2
second,Volt,Volt
-25.00000E-03,-11.03957E-03,-166.31595E-03
-24.97500E-03,+4.90013E-03,-166.31595E-03
-24.95000E-03,+20.67902E-03,-165.81344E-03
-24.92500E-03,+36.01570E-03,-166.31595E-03
-24.90000E-03,+50.89008E-03,-166.31595E-03
-24.87500E-03,+66.74937E-03,-165.81344E-03
-24.85000E-03,+82.58857E-03,-165.81344E-03
-24.82500E-03,+98.02575E-03,-165.81344E-03
-24.80000E-03,+113.46294E-03,-165.81344E-03
-24.77500E-03,+129.40264E-03,-166.31595E-03
-24.75000E-03,+144.33731E-03,-166.11495E-03
-24.72500E-03,+159.27199E-03,-166.31595E-03
-24.70000E-03,+174.20666E-03,-166.27575E-03
-24.67500E-03,+189.18153E-03,-165.81344E-03
-24.65000E-03,+203.57349E-03,-165.93404E-03
-24.62500E-03,+217.20163E-03,-165.81344E-03
-24.60000E-03,+231.71420E-03,-165.81344E-03
-24.57500E-03,+245.72425E-03,-165.81344E-03
-24.55000E-03,+259.23179E-03,-165.81344E-03
-24.52500E-03,+272.25691E-03,-166.31595E-03
-24.50000E-03,+285.24184E-03,-165.81344E-03
-24.47500E-03,+298.24686E-03,-165.81344E-03
-24.45000E-03,+310.74937E-03,-165.81344E-03
-24.42500E-03,+323.09108E-03,-165.81344E-03
-24.40000E-03,+334.66897E-03,-165.81344E-03
-24.37500E-03,+346.74937E-03,-165.81344E-03
-24.35000E-03,+357.40264E-03,-165.81344E-03
-24.32500E-03,+367.89510E-03,-165.81344E-03
-24.30000E-03,+377.96545E-03,-165.81344E-03
-24.27500E-03,+387.85490E-03,-165.81344E-03
-24.25000E-03,+397.00063E-03,+394.48806E-03
-24.22500E-03,+406.64887E-03,+390.97047E-03
-24.20000E-03,+415.79460E-03,+390.46796E-03
-24.17500E-03,+424.07600E-03,+389.96545E-03
-24.15000E-03,+432.29711E-03,+389.46294E-03
-24.12500E-03,+440.01570E-03,+389.46294E-03
-24.10000E-03,+447.61369E-03,+389.46294E-03
-24.07500E-03,+454.40766E-03,+389.46294E-03
-24.05000E-03,+460.69912E-03,+389.46294E-03
-24.02500E-03,+465.98555E-03,+389.08102E-03
-24.00000E-03,+470.76947E-03,+389.46294E-03
-23.97500E-03,+476.05590E-03,+388.96042E-03
-23.95000E-03,+480.69912E-03,+388.96042E-03
-23.92500E-03,+484.55841E-03,+388.96042E-03
-23.90000E-03,+488.41771E-03,+388.96042E-03
-23.87500E-03,+490.86997E-03,+388.96042E-03
-23.85000E-03,+493.80464E-03,+388.96042E-03
-23.82500E-03,+495.73429E-03,+388.96042E-03
-23.80000E-03,+497.16143E-03,+388.96042E-03
-23.77500E-03,+498.50816E-03,+388.96042E-03
-23.75000E-03,+499.01067E-03,+388.96042E-03
-23.72500E-03,+499.01067E-03,+388.96042E-03
-23.70000E-03,+498.66896E-03,+388.79962E-03
-23.67500E-03,+497.74434E-03,+388.45791E-03
-23.65000E-03,+495.99560E-03,+388.45791E-03
-23.62500E-03,+493.88504E-03,+388.35741E-03
-23.60000E-03,+491.93529E-03,+388.45791E-03
-23.57500E-03,+488.57851E-03,+388.45791E-03
-23.55000E-03,+485.22172E-03,+388.59861E-03
-23.52500E-03,+481.36243E-03,+388.17650E-03
-23.50000E-03,+477.00062E-03,+388.45791E-03
-23.47500E-03,+472.01569E-03,+388.45791E-03
-23.45000E-03,+467.23177E-03,+388.41771E-03
-23.42500E-03,+461.44283E-03,+388.41771E-03
-23.40000E-03,+455.77448E-03,+388.45791E-03
-23.37500E-03,+449.06092E-03,+387.95540E-03
-23.35000E-03,+441.84484E-03,+387.95540E-03
-23.32500E-03,+433.76444E-03,+387.95540E-03
-23.30000E-03,+425.90514E-03,+387.95540E-03
-23.27500E-03,+417.68403E-03,+443.43303E-03
-23.25000E-03,+408.15639E-03,+412.57851E-03
-23.22500E-03,+398.91016E-03,+412.57851E-03
-23.20000E-03,+389.76443E-03,+412.57851E-03
-23.17500E-03,+379.95538E-03,+412.57851E-03
-23.15000E-03,+369.46292E-03,+412.57851E-03
-23.12500E-03,+359.31217E-03,+412.57851E-03
-23.10000E-03,+348.73930E-03,+412.07600E-03
-23.07500E-03,+337.16141E-03,+412.07600E-03
-23.05000E-03,+325.58352E-03,+412.07600E-03
-23.02500E-03,+313.32222E-03,+412.07600E-03
-23.00000E-03,+300.81970E-03,+412.07600E-03
-22.97500E-03,+287.81468E-03,+412.07600E-03
-22.95000E-03,+274.80965E-03,+412.07600E-03
-22.92500E-03,+261.80463E-03,+412.07600E-03
-22.90000E-03,+248.29709E-03,+412.07600E-03
-22.87500E-03,+234.28704E-03,+412.07600E-03
-22.85000E-03,+220.27699E-03,+412.07600E-03
-22.82500E-03,+206.22674E-03,+411.61369E-03
-22.80000E-03,+191.79457E-03,+412.07600E-03
-22.77500E-03,+176.98050E-03,+412.07600E-03
-22.75000E-03,+161.92523E-03,+411.87500E-03
-22.72500E-03,+146.99055E-03,+411.85489E-03
-22.70000E-03,+131.69407E-03,+411.93529E-03
-22.67500E-03,+116.61869E-03,+411.57349E-03
-22.65000E-03,+101.18151E-03,+412.05590E-03
-22.62500E-03,+85.34231E-03,+411.57349E-03
-22.60000E-03,+69.98553E-03,+411.57349E-03
-22.57500E-03,+53.86493E-03,+411.81470E-03
-22.55000E-03,+38.93025E-03,+411.57349E-03
-22.52500E-03,+23.91517E-03,+411.57349E-03
-22.50000E-03,+7.55337E-03,+411.57349E-03
-22.47500E-03,-7.80342E-03,+411.57349E-03
-22.45000E-03,-23.48181E-03,+411.57349E-03
-22.42500E-03,-38.75819E-03,+411.57349E-03
-22.40000E-03,-54.69789E-03,+411.57349E-03
-22.37500E-03,-69.13005E-03,+411.57349E-03
-22.35000E-03,-84.58734E-03,+412.05590E-03
-22.32500E-03,-100.50693E-03,+411.57349E-03
-22.30000E-03,-115.94412E-03,+411.93530E-03
-22.27500E-03,-131.88382E-03,-136.02445E-03
-22.25000E-03,-146.51699E-03,-130.63756E-03
-22.22500E-03,-161.75317E-03,-130.01444E-03
-22.20000E-03,-176.68784E-03,-129.63254E-03
-22.17500E-03,-191.66271E-03,-129.13002E-03
-22.15000E-03,-206.17527E-03,-129.13002E-03
-22.12500E-03,-220.68784E-03,-129.13002E-03
-22.10000E-03,-234.69789E-03,-129.13002E-03
-22.07500E-03,-248.20542E-03,-129.13002E-03
-22.05000E-03,-262.21547E-03,-129.06972E-03
-22.02500E-03,-275.72301E-03,-128.62751E-03
-22.00000E-03,-289.23055E-03,-129.02952E-03
-21.97500E-03,-301.41145E-03,-128.62751E-03
-21.95000E-03,-314.23558E-03,-129.13002E-03
-21.92500E-03,-327.07979E-03,-128.62751E-03
-21.90000E-03,-338.15517E-03,-128.62751E-03
-21.87500E-03,-349.23055E-03,-128.62751E-03
-21.85000E-03,-360.88883E-03,-128.62751E-03
-21.82500E-03,-371.54210E-03,-128.62751E-03
-21.80000E-03,-381.95417E-03,-128.62751E-03
-21.77500E-03,-392.66773E-03,-128.62751E-03
-21.75000E-03,-402.39637E-03,-128.62751E-03
-21.72500E-03,-411.14009E-03,-128.62751E-03
-21.70000E-03,-419.40139E-03,-128.62751E-03
-21.67500E-03,-428.06471E-03,-128.62751E-03
-21.65000E-03,-436.28582E-03,-128.62751E-03
-21.62500E-03,-443.30089E-03,-128.62751E-03
-21.60000E-03,-450.59737E-03,-128.62751E-03
-21.57500E-03,-457.43154E-03,-128.62751E-03
-21.55000E-03,-464.18531E-03,-128.62751E-03
-21.52500E-03,-469.97425E-03,-128.62751E-03
-21.50000E-03,-475.26069E-03,-128.62751E-03
-21.47500E-03,-479.82350E-03,-128.62751E-03
-21.45000E-03,-484.18531E-03,-128.62751E-03
-21.42500E-03,-488.48681E-03,-128.62751E-03
-21.40000E-03,-491.90390E-03,-128.62751E-03
-21.37500E-03,-494.75817E-03,-128.52701E-03
-21.35000E-03,-497.79334E-03,-128.30590E-03
-21.32500E-03,-499.72299E-03,-128.38630E-03
-21.30000E-03,-501.15012E-03,-192.44843E-03
-21.27500E-03,-503.07977E-03,-502.91896E-03
-21.25000E-03,-503.50188E-03,-501.49183E-03
-21.22500E-03,-503.50188E-03,-500.98932E-03
-21.20000E-03,-502.65765E-03,-500.82852E-03
-21.17500E-03,-501.73303E-03,-500.98932E-03
-21.15000E-03,-499.98429E-03,-500.48680E-03
-21.12500E-03,-498.27574E-03,-500.48680E-03
-21.10000E-03,-495.44157E-03,-500.48680E-03
-21.07500E-03,-492.56720E-03,-499.98429E-03
-21.05000E-03,-488.70790E-03,-500.34611E-03
-21.02500E-03,-485.06970E-03,-500.48680E-03
-21.00000E-03,-480.78830E-03,-499.98429E-03
-20.97500E-03,-476.12498E-03,-499.98429E-03
-20.95000E-03,-471.22046E-03,-499.98429E-03
-20.92500E-03,-465.43151E-03,-499.98429E-03
-20.90000E-03,-458.75814E-03,-499.98429E-03
-20.87500E-03,-452.04457E-03,-499.98429E-03
-20.85000E-03,-444.82849E-03,-499.98429E-03
-20.82500E-03,-437.61241E-03,-499.98429E-03
-20.80000E-03,-429.89382E-03,-499.92398E-03
-20.77500E-03,-421.67271E-03,-499.98429E-03
-20.75000E-03,-413.45161E-03,-499.58228E-03
-20.72500E-03,-404.40638E-03,-499.98429E-03
-20.70000E-03,-394.75814E-03,-499.72299E-03
-20.67500E-03,-384.10487E-03,-499.48178E-03
-20.65000E-03,-373.45160E-03,-499.90388E-03
-20.62500E-03,-363.30084E-03,-499.48178E-03
-20.60000E-03,-352.22547E-03,-499.48178E-03
-20.57500E-03,-340.64758E-03,-499.48178E-03
-20.55000E-03,-329.57220E-03,-499.48178E-03
-20.52500E-03,-316.98929E-03,-499.48178E-03
-20.50000E-03,-304.30586E-03,-499.48178E-03
-20.47500E-03,-291.80335E-03,-499.48178E-03
-20.45000E-03,-278.79832E-03,-499.48178E-03
-20.42500E-03,-265.29079E-03,-499.48178E-03
-20.40000E-03,-251.28074E-03,-499.48178E-03
-20.37500E-03,-237.77320E-03,-499.48178E-03
-20.35000E-03,-223.26064E-03,-499.48178E-03
-20.32500E-03,-209.25059E-03,-499.44157E-03
-20.30000E-03,-194.73802E-03,-201.45019E-03
-20.27500E-03,-180.22546E-03,-194.83857E-03
-20.25000E-03,-164.60736E-03,-195.46168E-03
-20.22500E-03,-149.69280E-03,-195.68279E-03
-20.20000E-03,-134.53701E-03,-195.96419E-03
-20.17500E-03,-119.03952E-03,-195.96419E-03
-20.15000E-03,-103.66264E-03,-195.96419E-03
-20.12500E-03,-87.82344E-03,-196.06469E-03
-20.10000E-03,-72.28575E-03,-196.14509E-03
-20.07500E-03,-57.35108E-03,-195.96419E-03
-20.05000E-03,-41.41138E-03,-195.96419E-03
-20.02500E-03,-26.47671E-03,-195.96419E-03
-20.00000E-03,-10.53701E-03,-195.96419E-03
-19.97500E-03,+4.90018E-03,-195.96419E-03
-19.95000E-03,+20.67908E-03,-195.80340E-03
-19.92500E-03,+36.27706E-03,-195.96419E-03
-19.90000E-03,+51.21173E-03,-195.96419E-03
-19.87500E-03,+67.15143E-03,-195.96419E-03
-19.85000E-03,+82.58862E-03,-195.96419E-03
-19.82500E-03,+98.52832E-03,-195.96419E-03
-19.80000E-03,+113.46299E-03,-195.96419E-03
-19.77500E-03,+129.40269E-03,-195.96419E-03
-19.75000E-03,+144.33736E-03,-195.96419E-03
-19.72500E-03,+159.65394E-03,-195.96419E-03
-19.70000E-03,+174.24692E-03,-195.96419E-03
-19.67500E-03,+189.64389E-03,-195.46168E-03
-19.65000E-03,+203.69414E-03,-195.58228E-03
-19.62500E-03,+217.70419E-03,-195.96419E-03
-19.60000E-03,+231.71424E-03,-195.74308E-03
-19.57500E-03,+246.22680E-03,-195.46168E-03
-19.55000E-03,+259.23183E-03,-195.96419E-03
-19.52500E-03,+272.73937E-03,-195.96419E-03
-19.50000E-03,+285.24188E-03,-195.56218E-03
-19.47500E-03,+298.24690E-03,-195.96419E-03
-19.45000E-03,+311.01072E-03,-195.96419E-03
-19.42500E-03,+323.59363E-03,-195.96419E-03
-19.40000E-03,+334.66901E-03,-195.96419E-03
-19.37500E-03,+346.74941E-03,-195.96419E-03
-19.35000E-03,+357.82479E-03,-195.96419E-03
-19.32500E-03,+367.89514E-03,-195.46168E-03
-19.30000E-03,+378.22680E-03,+373.08099E-03
-19.27500E-03,+387.85493E-03,+370.18655E-03
-19.25000E-03,+397.40266E-03,+369.76444E-03
-19.22500E-03,+407.13131E-03,+369.36243E-03
-19.20000E-03,+416.29714E-03,+368.85992E-03
-19.17500E-03,+424.57854E-03,+368.85992E-03
-19.15000E-03,+432.57855E-03,+368.85992E-03
-19.12500E-03,+440.51824E-03,+368.65891E-03
-19.10000E-03,+447.61371E-03,+368.47802E-03
-19.07500E-03,+454.40768E-03,+368.35741E-03
-19.05000E-03,+460.19663E-03,+368.35741E-03
-19.02500E-03,+465.98557E-03,+368.35741E-03
-19.00000E-03,+471.27200E-03,+368.35741E-03
-18.97500E-03,+476.05592E-03,+368.35741E-03
-18.95000E-03,+480.69913E-03,+368.35741E-03
-18.92500E-03,+484.55843E-03,+368.29710E-03
-18.90000E-03,+488.41772E-03,+368.33732E-03
-18.87500E-03,+491.37249E-03,+368.35741E-03
-18.85000E-03,+493.80465E-03,+368.35741E-03
-18.82500E-03,+495.73430E-03,+368.35741E-03
-18.80000E-03,+497.16143E-03,+368.35741E-03
-18.77500E-03,+498.50816E-03,+368.35741E-03
-18.75000E-03,+499.01067E-03,+368.35741E-03
-18.72500E-03,+499.01067E-03,+367.93529E-03
-18.70000E-03,+498.50816E-03,+368.19661E-03
-18.67500E-03,+497.50314E-03,+367.85490E-03
-18.65000E-03,+495.99560E-03,+368.35741E-03
-18.62500E-03,+494.38755E-03,+368.35741E-03
-18.60000E-03,+491.93528E-03,+367.85490E-03
-18.57500E-03,+489.02072E-03,+368.29711E-03
-18.55000E-03,+485.22171E-03,+367.85490E-03
-18.52500E-03,+481.36242E-03,+367.85490E-03
-18.50000E-03,+477.00061E-03,+367.85490E-03
-18.47500E-03,+472.13629E-03,+367.85490E-03
-18.45000E-03,+467.23175E-03,+367.85490E-03
-18.42500E-03,+461.44281E-03,+367.85490E-03
-18.40000E-03,+455.65387E-03,+367.85490E-03
-18.37500E-03,+449.06089E-03,+367.85490E-03
-18.35000E-03,+441.84481E-03,+367.63378E-03
-18.32500E-03,+433.98551E-03,+438.24674E-03
-18.30000E-03,+425.90511E-03,+429.16143E-03
-18.27500E-03,+417.68401E-03,+429.14134E-03
-18.25000E-03,+408.55837E-03,+429.16143E-03
-18.22500E-03,+398.91013E-03,+428.98053E-03
-18.20000E-03,+389.50310E-03,+428.65892E-03
-18.17500E-03,+379.61365E-03,+428.65892E-03
-18.15000E-03,+369.46289E-03,+428.65892E-03
-18.12500E-03,+359.31214E-03,+428.65892E-03
-18.10000E-03,+349.16139E-03,+428.65892E-03
-18.07500E-03,+337.16138E-03,+428.65892E-03
-18.05000E-03,+325.58349E-03,+428.65892E-03
-18.02500E-03,+313.32217E-03,+428.65892E-03
-18.00000E-03,+300.81966E-03,+428.25691E-03
-17.97500E-03,+287.81463E-03,+428.15640E-03
-17.95000E-03,+275.25183E-03,+428.59862E-03
-17.92500E-03,+261.80458E-03,+428.15640E-03
-17.90000E-03,+248.79956E-03,+428.15640E-03
-17.87500E-03,+234.28700E-03,+428.45790E-03
-17.85000E-03,+220.15633E-03,+428.15640E-03
-17.82500E-03,+206.26690E-03,+428.15640E-03
-17.80000E-03,+191.79452E-03,+428.15640E-03
-17.77500E-03,+176.85985E-03,+428.15640E-03
-17.75000E-03,+161.92518E-03,+428.15640E-03
-17.72500E-03,+146.99050E-03,+428.15640E-03
-17.70000E-03,+132.05583E-03,+427.79460E-03
-17.67500E-03,+116.55833E-03,+428.15640E-03
-17.65000E-03,+101.18146E-03,+428.15640E-03
-17.62500E-03,+85.34225E-03,+428.15640E-03
-17.60000E-03,+69.80457E-03,+428.15640E-03
-17.57500E-03,+54.36739E-03,+428.15640E-03
-17.55000E-03,+38.93020E-03,+427.99559E-03
-17.52500E-03,+23.41261E-03,+427.65389E-03
-17.50000E-03,+7.55332E-03,+428.15639E-03
-17.47500E-03,-7.38136E-03,+428.07601E-03
-17.45000E-03,-23.48185E-03,+427.99561E-03
-17.42500E-03,-38.51704E-03,+427.91521E-03
-17.40000E-03,-54.37634E-03,+427.65389E-03
-17.37500E-03,-69.13010E-03,+427.65389E-03
-17.35000E-03,-85.06980E-03,+428.13629E-03
-17.32500E-03,-101.00950E-03,-102.13487E-03
-17.30000E-03,-116.44668E-03,-98.47676E-03
-17.27500E-03,-131.88387E-03,-97.97425E-03
-17.25000E-03,-146.81854E-03,-97.47173E-03
-17.22500E-03,-161.75322E-03,-97.08983E-03
-17.20000E-03,-177.19040E-03,-96.96922E-03
-17.17500E-03,-192.12508E-03,-96.96922E-03
-17.15000E-03,-206.67783E-03,-96.96922E-03
-17.12500E-03,-220.68788E-03,-96.76822E-03
-17.10000E-03,-234.91905E-03,-96.96922E-03
-17.07500E-03,-248.34618E-03,-96.96922E-03
-17.05000E-03,-262.27583E-03,-96.96922E-03
-17.02500E-03,-275.74315E-03,-96.48680E-03
-17.00000E-03,-289.33109E-03,-96.96922E-03
-16.97500E-03,-301.73311E-03,-96.96922E-03
-16.95000E-03,-314.73813E-03,-96.96922E-03
-16.92500E-03,-327.07983E-03,-96.96922E-03
-16.90000E-03,-338.57731E-03,-96.96922E-03
-16.87500E-03,-349.73310E-03,-96.96922E-03
-16.85000E-03,-360.80847E-03,-96.96922E-03
-16.82500E-03,-371.38134E-03,-96.46671E-03
-16.80000E-03,-381.69289E-03,-96.96922E-03
-16.77500E-03,-392.52707E-03,-96.46671E-03
-16.75000E-03,-402.39639E-03,-96.46671E-03
-16.72500E-03,-411.62252E-03,-96.48682E-03
-16.70000E-03,-419.40141E-03,-96.96922E-03
-16.67500E-03,-428.06474E-03,-96.82853E-03
-16.65000E-03,-436.06475E-03,-96.46671E-03
-16.62500E-03,-443.30091E-03,-96.66772E-03
-16.60000E-03,-450.71800E-03,-96.58732E-03
-16.57500E-03,-457.89387E-03,-96.46671E-03
-16.55000E-03,-464.14514E-03,-96.46671E-03
-16.52500E-03,-469.97427E-03,-96.46671E-03
-16.50000E-03,-474.95919E-03,-96.66770E-03
-16.47500E-03,-479.82351E-03,-96.46671E-03
-16.45000E-03,-484.32603E-03,-96.46671E-03
-16.42500E-03,-488.54713E-03,-96.90891E-03
-16.40000E-03,-491.90391E-03,-96.46671E-03
-16.37500E-03,-494.85867E-03,-96.46671E-03
-16.35000E-03,-497.61245E-03,-213.85754E-03
-16.32500E-03,-499.96421E-03,-499.24056E-03
-16.30000E-03,-501.65264E-03,-498.31594E-03
-16.27500E-03,-502.99937E-03,-497.97424E-03
-16.25000E-03,-502.99938E-03,-497.47173E-03
-16.22500E-03,-503.50188E-03,-497.47173E-03
-16.20000E-03,-502.99937E-03,-497.47173E-03
-16.17500E-03,-501.99434E-03,-497.47173E-03
-16.15000E-03,-500.62749E-03,-496.96922E-03
-16.12500E-03,-498.37624E-03,-496.96922E-03
-16.10000E-03,-495.92397E-03,-496.96922E-03
-16.07500E-03,-493.00941E-03,-496.96922E-03
-16.05000E-03,-489.21040E-03,-496.82852E-03
-16.02500E-03,-485.35110E-03,-496.96922E-03
-16.00000E-03,-480.98929E-03,-496.96922E-03
-15.97500E-03,-476.12497E-03,-496.84860E-03
-15.95000E-03,-471.22044E-03,-496.46670E-03
-15.92500E-03,-465.43149E-03,-496.46670E-03
-15.90000E-03,-459.14004E-03,-496.46670E-03
-15.87500E-03,-452.04455E-03,-496.46670E-03
-15.85000E-03,-444.82847E-03,-496.46670E-03
-15.82500E-03,-437.61239E-03,-496.46670E-03
-15.80000E-03,-429.83348E-03,-496.46670E-03
-15.77500E-03,-421.19027E-03,-496.46670E-03
-15.75000E-03,-413.04956E-03,-496.46670E-03
-15.72500E-03,-404.22545E-03,-496.28581E-03
-15.70000E-03,-394.49681E-03,-496.22549E-03
-15.67500E-03,-384.10484E-03,-496.12501E-03
-15.65000E-03,-373.45157E-03,-496.04460E-03
-15.62500E-03,-363.30081E-03,-495.96420E-03
-15.60000E-03,-352.22543E-03,-496.46670E-03
-15.57500E-03,-340.64754E-03,-495.96419E-03
-15.55000E-03,-329.06965E-03,-495.96419E-03
-15.52500E-03,-316.98925E-03,-495.96419E-03
-15.50000E-03,-303.90382E-03,-495.96419E-03
-15.47500E-03,-291.80331E-03,-496.44659E-03
-15.45000E-03,-278.79828E-03,-495.96419E-03
-15.42500E-03,-264.78823E-03,-495.96419E-03
-15.40000E-03,-251.28069E-03,-495.96419E-03
-15.37500E-03,-237.77316E-03,-495.76317E-03
-15.35000E-03,-223.26059E-03,-221.57228E-03
-15.32500E-03,-209.25054E-03,-225.10992E-03
-15.30000E-03,-194.73798E-03,-225.57225E-03
-15.27500E-03,-179.84349E-03,-225.49184E-03
-15.25000E-03,-164.40631E-03,-225.61243E-03
-15.22500E-03,-149.69275E-03,-225.61243E-03
-15.20000E-03,-135.03947E-03,-225.61243E-03
-15.17500E-03,-118.59726E-03,-225.61243E-03
-15.15000E-03,-103.66259E-03,-225.61243E-03
-15.12500E-03,-87.82338E-03,-225.21041E-03
-15.10000E-03,-72.28571E-03,-225.61243E-03
-15.07500E-03,-57.35103E-03,-225.61243E-03
-15.05000E-03,-41.41133E-03,-225.61243E-03
-15.02500E-03,-26.55707E-03,-225.61243E-03
-15.00000E-03,-10.53696E-03,-225.61242E-03
-14.97500E-03,+4.90022E-03,-225.61243E-03
-14.95000E-03,+20.33741E-03,-225.61243E-03
-14.92500E-03,+36.27711E-03,-225.61243E-03
-14.90000E-03,+51.21178E-03,-225.61243E-03
-14.87500E-03,+66.74948E-03,-225.61243E-03
-14.85000E-03,+82.58867E-03,-225.59232E-03
-14.82500E-03,+98.46808E-03,-225.17021E-03
-14.80000E-03,+113.46304E-03,-225.25061E-03
-14.77500E-03,+128.90023E-03,-225.61243E-03
-14.75000E-03,+144.03592E-03,-225.61243E-03
-14.72500E-03,+159.27208E-03,-225.61243E-03
-14.70000E-03,+174.20676E-03,-225.61243E-03
-14.67500E-03,+189.18162E-03,-225.61243E-03
-14.65000E-03,+203.69418E-03,-225.61243E-03
-14.62500E-03,+217.70423E-03,-225.61243E-03
-14.60000E-03,+231.71428E-03,-225.39132E-03
-14.57500E-03,+245.86505E-03,-225.10992E-03
-14.55000E-03,+259.23187E-03,-225.17024E-03
-14.52500E-03,+272.73941E-03,-225.13001E-03
-14.50000E-03,+285.24192E-03,-225.10992E-03
-14.47500E-03,+298.24695E-03,-225.29081E-03
-14.45000E-03,+310.74946E-03,-225.61243E-03
-14.42500E-03,+323.59367E-03,-225.10992E-03
-14.40000E-03,+335.09114E-03,-225.19034E-03
-14.37500E-03,+346.74945E-03,-225.10324E-03
-14.35000E-03,+357.40270E-03,+350.24678E-03
-14.32500E-03,+367.55345E-03,+347.75439E-03
-14.30000E-03,+377.96553E-03,+347.25188E-03
-14.27500E-03,+387.85496E-03,+346.74937E-03
-14.25000E-03,+397.00069E-03,+346.74937E-03
-14.22500E-03,+406.64893E-03,+346.26697E-03
-14.20000E-03,+416.29717E-03,+346.24686E-03
-14.17500E-03,+424.57857E-03,+345.88503E-03
-14.15000E-03,+432.29716E-03,+346.24686E-03
-14.12500E-03,+440.21677E-03,+346.24686E-03
-14.10000E-03,+447.61373E-03,+345.74434E-03
-14.07500E-03,+454.40770E-03,+346.20664E-03
-14.05000E-03,+460.19664E-03,+345.74434E-03
-14.02500E-03,+465.98559E-03,+346.24686E-03
-14.00000E-03,+471.27202E-03,+345.94533E-03
-13.97500E-03,+476.05594E-03,+345.74434E-03
-13.95000E-03,+480.83986E-03,+346.10614E-03
-13.92500E-03,+484.61875E-03,+345.74434E-03
-13.90000E-03,+488.41774E-03,+345.74434E-03
-13.87500E-03,+490.86998E-03,+345.74434E-03
-13.85000E-03,+493.80466E-03,+345.74434E-03
-13.82500E-03,+495.73430E-03,+345.74434E-03
-13.80000E-03,+497.16144E-03,+345.74434E-03
-13.77500E-03,+498.50816E-03,+345.74434E-03
-13.75000E-03,+499.01069E-03,+345.74434E-03
-13.72500E-03,+499.01067E-03,+345.32222E-03
-13.70000E-03,+498.16644E-03,+345.24183E-03
-13.67500E-03,+497.50314E-03,+345.48302E-03
-13.65000E-03,+496.13627E-03,+345.74434E-03
-13.62500E-03,+494.38754E-03,+345.74434E-03
-13.60000E-03,+491.93527E-03,+345.24183E-03
-13.57500E-03,+489.02071E-03,+345.24183E-03
-13.55000E-03,+485.58352E-03,+345.60365E-03
-13.52500E-03,+481.36240E-03,+345.24183E-03
-13.50000E-03,+477.30209E-03,+345.24183E-03
-13.47500E-03,+472.01566E-03,+345.24183E-03
-13.45000E-03,+466.76944E-03,+345.24183E-03
-13.42500E-03,+461.44279E-03,+345.20164E-03
-13.40000E-03,+455.65385E-03,+345.24183E-03
-13.37500E-03,+448.85988E-03,+440.61940E-03
-13.35000E-03,+441.84479E-03,+444.51820E-03
-13.32500E-03,+434.12619E-03,+444.23680E-03
-13.30000E-03,+425.90509E-03,+444.23680E-03
-13.27500E-03,+417.68398E-03,+444.23680E-03
-13.25000E-03,+408.55834E-03,+443.73429E-03
-13.22500E-03,+398.91010E-03,+443.91518E-03
-13.20000E-03,+389.50308E-03,+443.73429E-03
-13.17500E-03,+379.61362E-03,+443.73429E-03
-13.15000E-03,+369.88496E-03,+444.15639E-03
-13.12500E-03,+359.31209E-03,+443.73429E-03
-13.10000E-03,+348.65884E-03,+443.73429E-03
-13.07500E-03,+337.16134E-03,+443.73429E-03
-13.05000E-03,+325.58345E-03,+443.73429E-03
-13.02500E-03,+313.00054E-03,+443.41270E-03
-13.00000E-03,+300.81962E-03,+443.63377E-03
-12.97500E-03,+287.33219E-03,+443.25189E-03
-12.95000E-03,+274.80957E-03,+443.29207E-03
-12.92500E-03,+261.80454E-03,+443.59360E-03
-12.90000E-03,+248.57843E-03,+443.23178E-03
-12.87500E-03,+234.58845E-03,+443.23178E-03
-12.85000E-03,+220.27690E-03,+443.11116E-03
-12.82500E-03,+206.26685E-03,+443.23178E-03
-12.80000E-03,+192.25680E-03,+443.23178E-03
-12.77500E-03,+177.24173E-03,+443.23178E-03
-12.75000E-03,+161.92513E-03,+442.72927E-03
-12.72500E-03,+146.70906E-03,+443.23178E-03
-12.70000E-03,+131.69399E-03,+443.23178E-03
-12.67500E-03,+116.55828E-03,+442.78958E-03
-12.65000E-03,+101.16132E-03,+443.21169E-03
-12.62500E-03,+85.64374E-03,+443.23178E-03
-12.60000E-03,+69.80452E-03,+442.91016E-03
-12.57500E-03,+53.86483E-03,+442.72927E-03
-12.55000E-03,+38.58846E-03,+442.72927E-03
-12.52500E-03,+23.49297E-03,+442.80968E-03
-12.50000E-03,+7.55327E-03,+442.72927E-03
-12.47500E-03,-7.88392E-03,+442.72927E-03
-12.45000E-03,-23.48189E-03,+442.72927E-03
-12.42500E-03,-38.75829E-03,+442.72927E-03
-12.40000E-03,-54.37640E-03,+443.05086E-03
-12.37500E-03,-69.53214E-03,-68.62748E-03
-12.35000E-03,-85.06985E-03,-66.31595E-03
-12.32500E-03,-101.00955E-03,-65.81344E-03
-12.30000E-03,-116.44673E-03,-65.31093E-03
-12.27500E-03,-131.88392E-03,-65.31093E-03
-12.25000E-03,-147.12008E-03,-65.00944E-03
-12.22500E-03,-161.75327E-03,-64.80842E-03
-12.20000E-03,-177.19045E-03,-64.80842E-03
-12.17500E-03,-192.12512E-03,-64.84860E-03
-12.15000E-03,-206.55729E-03,-64.80842E-03
-12.12500E-03,-220.68792E-03,-64.80842E-03
-12.10000E-03,-234.69797E-03,-65.08981E-03
-12.07500E-03,-248.20551E-03,-64.80842E-03
-12.05000E-03,-262.65776E-03,-64.80842E-03
-12.02500E-03,-275.72310E-03,-64.80842E-03
-12.00000E-03,-289.33112E-03,-64.80842E-03
-11.97500E-03,-301.73315E-03,-64.80842E-03
-11.95000E-03,-314.23566E-03,-64.80842E-03
-11.92500E-03,-327.07987E-03,-64.80842E-03
-11.90000E-03,-338.15524E-03,-64.80842E-03
-11.87500E-03,-349.73313E-03,-64.80842E-03
-11.85000E-03,-360.88890E-03,-64.80842E-03
-11.82500E-03,-371.54216E-03,-64.80842E-03
-11.80000E-03,-381.95424E-03,-64.80842E-03
-11.77500E-03,-392.52710E-03,-64.80842E-03
-11.75000E-03,-401.99442E-03,-64.80842E-03
-11.72500E-03,-411.14015E-03,-64.80842E-03
-11.70000E-03,-419.78337E-03,-64.74813E-03
-11.67500E-03,-427.92407E-03,-64.80842E-03
-11.65000E-03,-435.78335E-03,-64.30590E-03
-11.62500E-03,-443.50195E-03,-64.80842E-03
-11.60000E-03,-450.71803E-03,-64.30590E-03
-11.57500E-03,-457.89389E-03,-64.34612E-03
-11.55000E-03,-464.14516E-03,-64.30590E-03
-11.52500E-03,-469.97429E-03,-64.30590E-03
-11.50000E-03,-475.26072E-03,-64.50689E-03
-11.47500E-03,-479.82352E-03,-64.80842E-03
-11.45000E-03,-484.18533E-03,-64.44662E-03
-11.42500E-03,-488.54714E-03,-64.74810E-03
-11.40000E-03,-491.92401E-03,-214.84379E-03
-11.37500E-03,-495.76322E-03,-494.05463E-03
-11.35000E-03,-498.29587E-03,-492.44660E-03
-11.32500E-03,-500.22551E-03,-491.94409E-03
-11.30000E-03,-501.99434E-03,-491.60240E-03
-11.27500E-03,-502.99937E-03,-491.44158E-03
-11.25000E-03,-503.50188E-03,-491.44158E-03
-11.22500E-03,-503.50188E-03,-491.44158E-03
-11.20000E-03,-502.99937E-03,-491.44158E-03
-11.17500E-03,-501.99434E-03,-491.44158E-03
-11.15000E-03,-500.30588E-03,-491.26066E-03
-11.12500E-03,-498.37623E-03,-491.34106E-03
-11.10000E-03,-495.92396E-03,-490.93907E-03
-11.07500E-03,-493.06968E-03,-490.93907E-03
-11.05000E-03,-489.35107E-03,-490.93907E-03
-11.02500E-03,-485.85360E-03,-490.65764E-03
-11.00000E-03,-480.98928E-03,-490.93907E-03
-10.97500E-03,-476.50685E-03,-490.55717E-03
-10.95000E-03,-471.26064E-03,-490.47677E-03
-10.92500E-03,-465.43148E-03,-490.47674E-03
-10.90000E-03,-459.14002E-03,-490.81848E-03
-10.87500E-03,-452.34605E-03,-490.93907E-03
-10.85000E-03,-444.82844E-03,-490.93907E-03
-10.82500E-03,-437.61236E-03,-490.43655E-03
-10.80000E-03,-429.89377E-03,-490.43655E-03
-10.77500E-03,-421.67266E-03,-490.43655E-03
-10.75000E-03,-413.45156E-03,-490.43655E-03
-10.72500E-03,-404.22543E-03,-490.43655E-03
-10.70000E-03,-394.75807E-03,-490.43655E-03
-10.67500E-03,-384.10481E-03,-490.59737E-03
-10.65000E-03,-373.45154E-03,-490.43655E-03
-10.62500E-03,-363.30077E-03,-490.43655E-03
-10.60000E-03,-351.72288E-03,-490.43655E-03
-10.57500E-03,-340.64750E-03,-490.43655E-03
-10.55000E-03,-329.31080E-03,-490.43655E-03
-10.52500E-03,-316.98921E-03,-490.25563E-03
-10.50000E-03,-303.90378E-03,-490.33603E-03
-10.47500E-03,-291.80326E-03,-490.43655E-03
-10.45000E-03,-278.29573E-03,-490.43655E-03
-10.42500E-03,-265.29070E-03,-489.93404E-03
-10.40000E-03,-251.28065E-03,-250.69799E-03
-10.37500E-03,-237.57209E-03,-254.05463E-03
-10.35000E-03,-223.26055E-03,-254.25565E-03
-10.32500E-03,-209.25050E-03,-254.25565E-03
-10.30000E-03,-194.77812E-03,-254.25565E-03
-10.27500E-03,-179.84345E-03,-254.25565E-03
-10.25000E-03,-164.90877E-03,-254.25565E-03
-10.22500E-03,-149.47159E-03,-254.25565E-03
-10.20000E-03,-135.03943E-03,-254.61744E-03
-10.17500E-03,-119.09973E-03,-254.25565E-03
-10.15000E-03,-103.68262E-03,-254.25565E-03
-10.12500E-03,-88.22535E-03,-254.25565E-03
-10.10000E-03,-72.28566E-03,-254.57728E-03
-10.07500E-03,-57.35098E-03,-254.75816E-03
-10.05000E-03,-41.41128E-03,-254.75816E-03
-10.02500E-03,-26.05452E-03,-254.25565E-03
-10.00000E-03,-10.53691E-03,-254.25565E-03
-9.97500E-03,+4.47814E-03,-254.25565E-03
-9.95000E-03,+20.67919E-03,-254.25565E-03
-9.92500E-03,+36.27716E-03,-254.25565E-03
-9.90000E-03,+50.89024E-03,-254.25565E-03
-9.87500E-03,+67.15153E-03,-254.25565E-03
-9.85000E-03,+82.58872E-03,-254.25565E-03
-9.82500E-03,+98.02590E-03,-254.19537E-03
-9.80000E-03,+113.46309E-03,-254.25565E-03
-9.77500E-03,+129.40279E-03,-254.25565E-03
-9.75000E-03,+144.13644E-03,-254.25565E-03
-9.72500E-03,+159.27213E-03,-254.25565E-03
-9.70000E-03,+174.66910E-03,-253.79336E-03
-9.67500E-03,+189.18166E-03,-254.25565E-03
-9.65000E-03,+203.69423E-03,-254.13507E-03
-9.62500E-03,+217.70428E-03,-253.95412E-03
-9.60000E-03,+231.71433E-03,-254.25565E-03
-9.57500E-03,+245.72438E-03,-254.25565E-03
-9.55000E-03,+259.23191E-03,-254.25565E-03
-9.52500E-03,+272.73945E-03,-253.75314E-03
-9.50000E-03,+285.24197E-03,-253.85362E-03
-9.47500E-03,+298.24699E-03,-253.93402E-03
-9.45000E-03,+310.50828E-03,-254.25565E-03
-9.42500E-03,+323.09119E-03,-185.08161E-03
-9.40000E-03,+334.66908E-03,+326.06593E-03
-9.37500E-03,+346.74948E-03,+324.13630E-03
-9.35000E-03,+357.40273E-03,+323.63379E-03
-9.32500E-03,+367.55348E-03,+323.13128E-03
-9.30000E-03,+377.70424E-03,+323.13128E-03
-9.27500E-03,+387.67407E-03,+322.80969E-03
-9.25000E-03,+397.00072E-03,+323.13128E-03
-9.22500E-03,+406.16657E-03,+323.11116E-03
-9.20000E-03,+415.79469E-03,+322.62877E-03
-9.17500E-03,+424.57859E-03,+322.62877E-03
-9.15000E-03,+432.29718E-03,+322.62877E-03
-9.12500E-03,+440.01578E-03,+322.62877E-03
-9.10000E-03,+447.23186E-03,+322.62877E-03
-9.07500E-03,+454.40772E-03,+322.62877E-03
-9.05000E-03,+460.19666E-03,+322.62877E-03
-9.02500E-03,+465.48309E-03,+322.62877E-03
-9.00000E-03,+470.76953E-03,+322.12625E-03
-8.97500E-03,+475.83483E-03,+322.34738E-03
-8.95000E-03,+480.69916E-03,+322.26698E-03
-8.92500E-03,+484.55845E-03,+322.12625E-03
-8.90000E-03,+488.41775E-03,+322.12625E-03
-8.87500E-03,+491.27202E-03,+322.52828E-03
-8.85000E-03,+493.80466E-03,+322.30714E-03
-8.82500E-03,+495.73431E-03,+322.12625E-03
-8.80000E-03,+497.16145E-03,+322.12625E-03
-8.77500E-03,+498.00565E-03,+322.12625E-03
-8.75000E-03,+499.01067E-03,+322.12625E-03
-8.72500E-03,+498.58854E-03,+322.12625E-03
-8.70000E-03,+498.16643E-03,+322.12625E-03
-8.67500E-03,+497.24181E-03,+322.12625E-03
-8.65000E-03,+495.81467E-03,+321.94533E-03
-8.62500E-03,+493.88502E-03,+321.62374E-03
-8.60000E-03,+491.45286E-03,+322.12625E-03
-8.57500E-03,+489.02070E-03,+322.06597E-03
-8.55000E-03,+485.58352E-03,+321.98557E-03
-8.52500E-03,+481.36239E-03,+321.62374E-03
-8.50000E-03,+477.00058E-03,+321.62374E-03
-8.47500E-03,+472.01564E-03,+321.62374E-03
-8.45000E-03,+466.76943E-03,+321.66396E-03
-8.42500E-03,+461.44277E-03,+461.10354E-03
-8.40000E-03,+455.65383E-03,+457.30213E-03
-8.37500E-03,+448.85986E-03,+457.30213E-03
-8.35000E-03,+441.84476E-03,+456.79962E-03
-8.32500E-03,+433.62366E-03,+456.79962E-03
-8.30000E-03,+425.84474E-03,+456.79962E-03
-8.27500E-03,+417.68396E-03,+456.79962E-03
-8.25000E-03,+408.45783E-03,+456.79962E-03
-8.22500E-03,+398.40756E-03,+456.79962E-03
-8.20000E-03,+389.26183E-03,+456.79962E-03
-8.17500E-03,+379.95527E-03,+456.79962E-03
-8.15000E-03,+369.46283E-03,+456.79962E-03
-8.12500E-03,+359.31208E-03,+456.79962E-03
-8.10000E-03,+348.73919E-03,+456.29711E-03
-8.07500E-03,+337.16130E-03,+456.29711E-03
-8.05000E-03,+325.32209E-03,+456.55843E-03
-8.02500E-03,+313.00050E-03,+456.47803E-03
-8.00000E-03,+300.41758E-03,+456.29711E-03
-7.97500E-03,+287.31204E-03,+456.77950E-03
-7.95000E-03,+274.80952E-03,+456.73934E-03
-7.92500E-03,+261.80450E-03,+456.29711E-03
-7.90000E-03,+248.29696E-03,+456.29711E-03
-7.87500E-03,+234.28691E-03,+456.29711E-03
-7.85000E-03,+220.65875E-03,+456.41773E-03
-7.82500E-03,+205.76430E-03,+456.29711E-03
-7.80000E-03,+192.25676E-03,+456.29711E-03
-7.77500E-03,+177.36227E-03,+455.91517E-03
-7.75000E-03,+161.92508E-03,+456.29711E-03
-7.72500E-03,+146.99041E-03,+456.29711E-03
-7.70000E-03,+132.05573E-03,+456.15638E-03
-7.67500E-03,+116.61855E-03,+456.29711E-03
-7.65000E-03,+101.18136E-03,+456.27703E-03
-7.62500E-03,+85.24166E-03,+455.79459E-03
-7.60000E-03,+69.80448E-03,+456.11622E-03
-7.57500E-03,+53.86478E-03,+456.03582E-03
-7.55000E-03,+38.58842E-03,+456.29711E-03
-7.52500E-03,+23.41249E-03,+455.87502E-03
-7.50000E-03,+7.55322E-03,+455.79459E-03
-7.47500E-03,-7.38145E-03,+455.79459E-03
-7.45000E-03,-23.48194E-03,+455.79459E-03
-7.42500E-03,-38.51715E-03,-36.64757E-03
-7.40000E-03,-54.19553E-03,-34.65766E-03
-7.37500E-03,-69.63271E-03,-34.15515E-03
-7.35000E-03,-85.09002E-03,-33.65264E-03
-7.32500E-03,-101.00960E-03,-33.65264E-03
-7.30000E-03,-116.44678E-03,-33.65264E-03
-7.27500E-03,-131.88397E-03,-33.65264E-03
-7.25000E-03,-146.81864E-03,-33.35115E-03
-7.22500E-03,-162.25583E-03,-33.65264E-03
-7.20000E-03,-177.65279E-03,-33.65264E-03
-7.17500E-03,-192.16535E-03,-33.65264E-03
-7.15000E-03,-206.67792E-03,-33.27071E-03
-7.12500E-03,-220.68797E-03,-33.65264E-03
-7.10000E-03,-235.20053E-03,-33.65264E-03
-7.07500E-03,-248.70807E-03,-33.15013E-03
-7.05000E-03,-262.71812E-03,-33.59231E-03
-7.02500E-03,-275.72314E-03,-33.15013E-03
-7.00000E-03,-289.33116E-03,-33.15013E-03
-6.97500E-03,-301.73319E-03,-33.15013E-03
-6.95000E-03,-314.23571E-03,-33.15013E-03
-6.92500E-03,-327.07990E-03,-33.15013E-03
-6.90000E-03,-338.57737E-03,-33.57221E-03
-6.87500E-03,-349.73317E-03,-33.65262E-03
-6.85000E-03,-360.88893E-03,-33.15013E-03
-6.82500E-03,-371.54219E-03,-33.31091E-03
-6.80000E-03,-381.69295E-03,-33.39131E-03
-6.77500E-03,-392.66780E-03,-33.15013E-03
-6.75000E-03,-401.99446E-03,-33.15013E-03
-6.72500E-03,-411.62257E-03,-33.15013E-03
-6.70000E-03,-419.78340E-03,-33.15013E-03
-6.67500E-03,-428.06478E-03,-33.15013E-03
-6.65000E-03,-436.28589E-03,-32.92904E-03
-6.62500E-03,-443.30094E-03,-32.94910E-03
-6.60000E-03,-450.71805E-03,-33.15013E-03
-6.57500E-03,-457.89391E-03,-33.15013E-03
-6.55000E-03,-464.14519E-03,-33.15013E-03
-6.52500E-03,-469.97431E-03,-33.15013E-03
-6.50000E-03,-475.26074E-03,-33.15013E-03
-6.47500E-03,-480.04466E-03,-33.15013E-03
-6.45000E-03,-484.68785E-03,-255.41744E-03
-6.42500E-03,-488.98934E-03,-485.91394E-03
-6.40000E-03,-492.40645E-03,-484.92899E-03
-6.37500E-03,-495.36120E-03,-484.40640E-03
-6.35000E-03,-497.79336E-03,-484.40640E-03
-6.32500E-03,-500.22552E-03,-483.90389E-03
-6.30000E-03,-501.49183E-03,-483.90389E-03
-6.27500E-03,-502.57728E-03,-483.90389E-03
-6.25000E-03,-502.99937E-03,-483.90389E-03
-6.22500E-03,-502.99937E-03,-483.82351E-03
-6.20000E-03,-502.65763E-03,-483.90389E-03
-6.17500E-03,-502.23552E-03,-483.40138E-03
-6.15000E-03,-500.62746E-03,-483.40138E-03
-6.12500E-03,-498.37623E-03,-483.40138E-03
-6.10000E-03,-495.92394E-03,-483.88377E-03
-6.07500E-03,-493.00939E-03,-483.40138E-03
-6.05000E-03,-489.71289E-03,-483.40138E-03
-6.02500E-03,-485.35108E-03,-483.40138E-03
-6.00000E-03,-480.98927E-03,-483.40138E-03
-5.97500E-03,-476.50683E-03,-483.40138E-03
-5.95000E-03,-471.26063E-03,-483.40138E-03
-5.92500E-03,-465.47163E-03,-483.40138E-03
-5.90000E-03,-459.14000E-03,-483.40138E-03
-5.87500E-03,-452.34603E-03,-483.09985E-03
-5.85000E-03,-445.04955E-03,-483.40138E-03
-5.82500E-03,-437.61234E-03,-483.40138E-03
-5.80000E-03,-429.39123E-03,-483.40138E-03
-5.77500E-03,-421.19020E-03,-482.89886E-03
-5.75000E-03,-413.04950E-03,-483.40138E-03
-5.72500E-03,-404.40628E-03,-483.22050E-03
-5.70000E-03,-394.51681E-03,-482.89886E-03
-5.67500E-03,-383.94395E-03,-482.89886E-03
-5.65000E-03,-373.87360E-03,-482.89886E-03
-5.62500E-03,-362.79824E-03,-482.89886E-03
-5.60000E-03,-352.22535E-03,-482.89886E-03
-5.57500E-03,-340.64747E-03,-482.89886E-03
-5.55000E-03,-329.33091E-03,-482.65768E-03
-5.52500E-03,-317.31076E-03,-482.89886E-03
-5.50000E-03,-303.90375E-03,-482.49688E-03
-5.47500E-03,-291.34096E-03,-482.39635E-03
-5.45000E-03,-278.73792E-03,-278.83878E-03
-5.42500E-03,-264.78814E-03,-281.39133E-03
-5.40000E-03,-250.77809E-03,-281.67276E-03
-5.37500E-03,-237.27056E-03,-281.89384E-03
-5.35000E-03,-223.13988E-03,-281.89384E-03
-5.32500E-03,-209.21023E-03,-281.89384E-03
-5.30000E-03,-194.73789E-03,-281.89384E-03
-5.27500E-03,-180.22533E-03,-281.89384E-03
-5.25000E-03,-164.40621E-03,-281.89384E-03
-5.22500E-03,-149.47154E-03,-281.89384E-03
-5.20000E-03,-134.53686E-03,-281.89384E-03
-5.17500E-03,-119.03935E-03,-281.89384E-03
-5.15000E-03,-103.66249E-03,-281.89384E-03
-5.12500E-03,-87.82327E-03,-281.89384E-03
-5.10000E-03,-72.28561E-03,-281.89384E-03
-5.07500E-03,-57.10970E-03,-281.89384E-03
-5.05000E-03,-41.41123E-03,-281.89384E-03
-5.02500E-03,-26.47656E-03,-281.81341E-03
-5.00000E-03,-11.03935E-03,-281.89384E-03
-4.97500E-03,+4.47819E-03,-281.89384E-03
-4.95000E-03,+20.33751E-03,-281.55211E-03
-4.92500E-03,+36.27721E-03,-281.89384E-03
-4.90000E-03,+51.21188E-03,-281.89384E-03
-4.87500E-03,+67.15158E-03,-281.89384E-03
-4.85000E-03,+82.58877E-03,-281.89384E-03
-4.82500E-03,+98.02595E-03,-281.89384E-03
-4.80000E-03,+113.60382E-03,-281.89384E-03
-4.77500E-03,+129.40284E-03,-281.89384E-03
-4.75000E-03,+144.33751E-03,-281.39133E-03
-4.72500E-03,+159.65407E-03,-281.77321E-03
-4.70000E-03,+174.20686E-03,-281.39133E-03
-4.67500E-03,+189.64404E-03,-281.39133E-03
-4.65000E-03,+203.69427E-03,-281.39133E-03
-4.62500E-03,+217.70432E-03,-281.39133E-03
-4.60000E-03,+231.93550E-03,-281.39133E-03
-4.57500E-03,+246.22693E-03,-281.39133E-03
-4.55000E-03,+259.23196E-03,-281.39133E-03
-4.52500E-03,+272.73950E-03,-281.39133E-03
-4.50000E-03,+285.24201E-03,-281.39133E-03
-4.47500E-03,+298.24703E-03,-170.10618E-03
-4.45000E-03,+310.74955E-03,+301.28201E-03
-4.42500E-03,+323.09123E-03,+299.85487E-03
-4.40000E-03,+334.66912E-03,+299.01068E-03
-4.37500E-03,+346.74952E-03,+299.01068E-03
-4.35000E-03,+357.40276E-03,+298.58854E-03
-4.32500E-03,+367.89525E-03,+298.50816E-03
-4.30000E-03,+377.96560E-03,+298.00565E-03
-4.27500E-03,+387.85502E-03,+298.00565E-03
-4.25000E-03,+397.00075E-03,+298.00565E-03
-4.22500E-03,+406.64899E-03,+298.00565E-03
-4.20000E-03,+415.79472E-03,+298.00565E-03
-4.17500E-03,+424.07610E-03,+298.00565E-03
-4.15000E-03,+432.29721E-03,+298.00565E-03
-4.12500E-03,+440.01580E-03,+298.00565E-03
-4.10000E-03,+447.61377E-03,+298.00565E-03
-4.07500E-03,+454.40774E-03,+297.50314E-03
-4.05000E-03,+460.19668E-03,+298.00565E-03
-4.02500E-03,+465.48311E-03,+297.88507E-03
-4.00000E-03,+470.97052E-03,+297.70412E-03
-3.97500E-03,+475.83485E-03,+297.78452E-03
-3.95000E-03,+480.33738E-03,+297.64387E-03
-3.92500E-03,+484.55846E-03,+297.50314E-03
-3.90000E-03,+487.93532E-03,+297.50314E-03
-3.87500E-03,+490.87000E-03,+297.50314E-03
-3.85000E-03,+493.62379E-03,+297.82477E-03
-3.82500E-03,+495.73432E-03,+297.50314E-03
-3.80000E-03,+497.34231E-03,+297.50314E-03
-3.77500E-03,+498.00565E-03,+297.50314E-03
-3.75000E-03,+498.50816E-03,+297.50314E-03
-3.72500E-03,+498.50816E-03,+297.50314E-03
-3.70000E-03,+498.16643E-03,+297.50314E-03
-3.67500E-03,+497.24180E-03,+297.50314E-03
-3.65000E-03,+495.81467E-03,+297.32221E-03
-3.62500E-03,+493.88502E-03,+297.50314E-03
-3.60000E-03,+491.45286E-03,+297.50314E-03
-3.57500E-03,+488.51818E-03,+297.50314E-03
-3.55000E-03,+484.85984E-03,+297.50314E-03
-3.52500E-03,+481.14130E-03,+297.28206E-03
-3.50000E-03,+476.49806E-03,+297.50314E-03
-3.47500E-03,+472.01562E-03,+479.01014E-03
-3.45000E-03,+466.72919E-03,+469.32220E-03
-3.42500E-03,+461.44275E-03,+468.85992E-03
-3.40000E-03,+455.53323E-03,+468.35741E-03
-3.37500E-03,+448.55831E-03,+468.35741E-03
-3.35000E-03,+441.34223E-03,+468.35741E-03
-3.32500E-03,+433.48290E-03,+467.99562E-03
-3.30000E-03,+425.84471E-03,+467.85489E-03
-3.27500E-03,+417.20149E-03,+467.85489E-03
-3.25000E-03,+408.05577E-03,+467.85489E-03
-3.22500E-03,+398.40752E-03,+467.85489E-03
-3.20000E-03,+389.26180E-03,+467.85489E-03
-3.17500E-03,+379.45272E-03,+467.85489E-03
-3.15000E-03,+369.46280E-03,+467.85489E-03
-3.12500E-03,+358.80953E-03,+467.85489E-03
-3.10000E-03,+348.73916E-03,+467.77452E-03
-3.07500E-03,+336.65875E-03,+467.85489E-03
-3.05000E-03,+325.32204E-03,+467.59356E-03
-3.02500E-03,+313.00046E-03,+467.53331E-03
-3.00000E-03,+300.31702E-03,+467.45291E-03
-2.97500E-03,+287.31199E-03,+467.35238E-03
-2.95000E-03,+274.74921E-03,+467.35238E-03
-2.92500E-03,+261.30194E-03,+467.35238E-03
-2.90000E-03,+248.07584E-03,+467.13130E-03
-2.87500E-03,+234.28687E-03,+467.35238E-03
-2.85000E-03,+219.77430E-03,+467.23175E-03
-2.82500E-03,+205.76425E-03,+467.35238E-03
-2.80000E-03,+191.79438E-03,+467.35238E-03
-2.77500E-03,+176.85970E-03,+466.97044E-03
-2.75000E-03,+161.72405E-03,+466.84987E-03
-2.72500E-03,+146.70898E-03,+466.84987E-03
-2.70000E-03,+131.69390E-03,+466.84987E-03
-2.67500E-03,+116.11598E-03,+466.84987E-03
-2.65000E-03,+100.67880E-03,+466.84987E-03
-2.62500E-03,+84.83957E-03,+466.84987E-03
-2.60000E-03,+69.30191E-03,+466.84987E-03
-2.57500E-03,+53.86473E-03,+466.84987E-03
-2.55000E-03,+38.42754E-03,+466.84987E-03
-2.52500E-03,+23.41244E-03,+466.84987E-03
-2.50000E-03,+7.05066E-03,+466.84412E-03
-2.47500E-03,-8.38653E-03,-5.27081E-03
-2.45000E-03,-24.32623E-03,-2.65764E-03
-2.42500E-03,-39.26090E-03,-1.99435E-03
-2.40000E-03,-54.87902E-03,-1.99435E-03
-2.37500E-03,-70.13527E-03,-1.99435E-03
-2.35000E-03,-85.57246E-03,-1.49183E-03
-2.32500E-03,-101.51216E-03,-1.93407E-03
-2.30000E-03,-117.09002E-03,-1.49183E-03
-2.27500E-03,-132.88904E-03,-1.49183E-03
-2.25000E-03,-147.62268E-03,-1.49183E-03
-2.22500E-03,-162.25588E-03,-1.49183E-03
-2.20000E-03,-177.69306E-03,-1.49183E-03
-2.17500E-03,-192.66791E-03,-1.49183E-03
-2.15000E-03,-207.05990E-03,-1.49183E-03
-2.12500E-03,-221.19052E-03,-1.49183E-03
-2.10000E-03,-235.42171E-03,-1.49183E-03
-2.07500E-03,-249.21062E-03,-1.49183E-03
-2.05000E-03,-263.22067E-03,-1.43150E-03
-2.02500E-03,-276.24577E-03,-1.49183E-03
-2.00000E-03,-289.83371E-03,-1.49183E-03
-1.97500E-03,-302.41662E-03,-1.17020E-03
-1.95000E-03,-315.24077E-03,-1.49183E-03
-1.92500E-03,-327.58245E-03,-1.49183E-03
-1.90000E-03,-339.16034E-03,-1.49183E-03
-1.87500E-03,-350.73820E-03,-1.49183E-03
-1.85000E-03,-361.81361E-03,-1.49183E-03
-1.82500E-03,-372.38647E-03,-1.49183E-03
-1.80000E-03,-382.19549E-03,-1.25066E-03
-1.77500E-03,-393.35127E-03,-989.32E-06
-1.75000E-03,-402.99951E-03,-1.08985E-03
-1.72500E-03,-412.12511E-03,-1.49183E-03
-1.70000E-03,-420.34622E-03,-1.49183E-03
-1.67500E-03,-428.56732E-03,-1.49183E-03
-1.65000E-03,-436.78843E-03,-1.49183E-03
-1.62500E-03,-444.00451E-03,-1.29080E-03
-1.60000E-03,-451.09996E-03,-1.37120E-03
-1.57500E-03,-457.93416E-03,-1.02955E-03
-1.55000E-03,-464.64772E-03,-989.32E-06
-1.52500E-03,-470.85878E-03,-989.32E-06
-1.50000E-03,-475.96425E-03,-342.72151E-03
-1.47500E-03,-480.32606E-03,-476.92896E-03
-1.45000E-03,-485.19038E-03,-475.86369E-03
-1.42500E-03,-488.54716E-03,-474.85866E-03
-1.40000E-03,-491.92402E-03,-474.87873E-03
-1.37500E-03,-495.36120E-03,-474.85866E-03
-1.35000E-03,-497.79337E-03,-474.53703E-03
-1.32500E-03,-500.22553E-03,-474.61743E-03
-1.30000E-03,-501.99434E-03,-474.35615E-03
-1.27500E-03,-502.99937E-03,-474.43658E-03
-1.25000E-03,-503.50188E-03,-473.85367E-03
-1.22500E-03,-503.50188E-03,-473.93401E-03
-1.20000E-03,-502.99937E-03,-474.19538E-03
-1.17500E-03,-501.99434E-03,-474.35615E-03
-1.15000E-03,-500.30587E-03,-474.17522E-03
-1.12500E-03,-498.77820E-03,-474.25562E-03
-1.10000E-03,-495.94406E-03,-473.85364E-03
-1.07500E-03,-493.00939E-03,-473.85364E-03
-1.05000E-03,-489.71288E-03,-473.85364E-03
-1.02500E-03,-485.57214E-03,-473.85364E-03
-1.00000E-03,-481.29074E-03,-473.85364E-03
-975.00E-06,-476.24557E-03,-473.85364E-03
-950.00E-06,-471.26061E-03,-473.85364E-03
-925.00E-06,-465.47161E-03,-473.39130E-03
-900.00E-06,-459.13998E-03,-473.85364E-03
-875.00E-06,-452.04447E-03,-473.65266E-03
-850.00E-06,-444.82839E-03,-473.57226E-03
-825.00E-06,-437.75305E-03,-473.71290E-03
-800.00E-06,-429.89372E-03,-473.41146E-03
-775.00E-06,-421.67261E-03,-473.35113E-03
-750.00E-06,-413.45151E-03,-473.35113E-03
-725.00E-06,-403.90374E-03,-473.35113E-03
-700.00E-06,-394.75801E-03,-473.35113E-03
-675.00E-06,-384.10475E-03,-473.35113E-03
-650.00E-06,-373.87356E-03,-473.35113E-03
-625.00E-06,-363.30069E-03,-472.84864E-03
-600.00E-06,-352.22532E-03,-473.35113E-03
-575.00E-06,-340.64743E-03,-472.84861E-03
-550.00E-06,-329.31071E-03,-473.35113E-03
-525.00E-06,-317.31071E-03,-472.84861E-03
-500.00E-06,-303.90371E-03,-306.41658E-03
-475.00E-06,-291.32080E-03,-307.52198E-03
-450.00E-06,-278.35591E-03,-308.02449E-03
-425.00E-06,-264.78810E-03,-308.02449E-03
-400.00E-06,-251.28056E-03,-308.02449E-03
-375.00E-06,-237.27051E-03,-308.02449E-03
-350.00E-06,-223.26046E-03,-307.90386E-03
-325.00E-06,-208.74790E-03,-307.52198E-03
-300.00E-06,-194.73785E-03,-307.52198E-03
-275.00E-06,-180.34586E-03,-307.64255E-03
-250.00E-06,-164.60714E-03,-307.52198E-03
-225.00E-06,-149.47149E-03,-307.52198E-03
-200.00E-06,-134.67755E-03,-307.88376E-03
-175.00E-06,-119.03930E-03,-307.52198E-03
-150.00E-06,-103.66244E-03,-307.52198E-03
-125.00E-06,-87.82322E-03,-307.52198E-03
-100.00E-06,-72.28556E-03,-307.70286E-03
-75.00E-06,-57.35088E-03,-307.52198E-03
-50.00E-06,-41.41119E-03,-307.52198E-03
-25.00E-06,-26.05443E-03,-307.52198E-03
+0.0E+00,-10.53681E-03,-307.52198E-03
+25.00E-06,+4.39786E-03,-307.52198E-03
+50.00E-06,+20.33756E-03,-307.52198E-03
+75.00E-06,+36.01592E-03,-307.52198E-03
+100.00E-06,+51.21193E-03,-307.52198E-03
+125.00E-06,+67.05110E-03,-307.52198E-03
+150.00E-06,+82.58882E-03,-307.52198E-03
+175.00E-06,+97.96573E-03,-307.52198E-03
+200.00E-06,+113.96570E-03,-307.52198E-03
+225.00E-06,+129.40289E-03,-307.52198E-03
+250.00E-06,+144.33756E-03,-307.52198E-03
+275.00E-06,+159.27223E-03,-307.52198E-03
+300.00E-06,+174.20691E-03,-307.52198E-03
+325.00E-06,+189.18175E-03,-307.52198E-03
+350.00E-06,+203.57374E-03,-307.52198E-03
+375.00E-06,+217.70436E-03,-307.52198E-03
+400.00E-06,+232.21693E-03,-307.52198E-03
+425.00E-06,+246.22698E-03,-307.52198E-03
+450.00E-06,+259.23200E-03,-307.52198E-03
+475.00E-06,+272.71947E-03,-183.53400E-03
+500.00E-06,+285.24205E-03,+274.38756E-03
+525.00E-06,+298.24708E-03,+272.88002E-03
+550.00E-06,+310.74959E-03,+272.37751E-03
+575.00E-06,+323.09127E-03,+272.37751E-03
+600.00E-06,+334.66916E-03,+271.87500E-03
+625.00E-06,+346.74956E-03,+271.87500E-03
+650.00E-06,+356.98065E-03,+271.87500E-03
+675.00E-06,+367.55355E-03,+271.87500E-03
+700.00E-06,+377.96564E-03,+271.87500E-03
+725.00E-06,+387.85505E-03,+271.87500E-03
+750.00E-06,+397.00078E-03,+271.87500E-03
+775.00E-06,+406.64902E-03,+271.87500E-03
+800.00E-06,+415.79475E-03,+271.81473E-03
+825.00E-06,+424.07613E-03,+271.87500E-03
+850.00E-06,+432.29723E-03,+271.37248E-03
+875.00E-06,+440.01583E-03,+271.57352E-03
+900.00E-06,+447.61378E-03,+271.49312E-03
+925.00E-06,+454.40775E-03,+271.87500E-03
+950.00E-06,+460.19670E-03,+271.83483E-03
+975.00E-06,+465.60370E-03,+271.37248E-03
+1.00000E-03,+470.76956E-03,+271.37248E-03
+1.02500E-03,+475.83486E-03,+271.37248E-03
+1.05000E-03,+480.69918E-03,+271.37248E-03
+1.07500E-03,+484.55848E-03,+271.37248E-03
+1.10000E-03,+487.91526E-03,+271.37248E-03
+1.12500E-03,+490.87000E-03,+271.37248E-03
+1.15000E-03,+493.30216E-03,+271.05084E-03
+1.17500E-03,+495.23181E-03,+271.37248E-03
+1.20000E-03,+496.81978E-03,+271.21165E-03
+1.22500E-03,+498.00565E-03,+271.29205E-03
+1.25000E-03,+498.50816E-03,+271.37245E-03
+1.27500E-03,+498.50816E-03,+271.29211E-03
+1.30000E-03,+498.00565E-03,+271.03074E-03
+1.32500E-03,+497.24180E-03,+271.13131E-03
+1.35000E-03,+495.81466E-03,+270.86997E-03
+1.37500E-03,+493.88501E-03,+270.86997E-03
+1.40000E-03,+491.45285E-03,+270.86997E-03
+1.42500E-03,+488.57845E-03,+271.37248E-03
+1.45000E-03,+485.22166E-03,+271.37248E-03
+1.47500E-03,+481.36237E-03,+487.83385E-03
+1.50000E-03,+476.79952E-03,+478.40766E-03
+1.52500E-03,+471.63372E-03,+477.90515E-03
+1.55000E-03,+466.72917E-03,+478.36742E-03
+1.57500E-03,+461.44274E-03,+477.44280E-03
+1.60000E-03,+455.15128E-03,+477.52320E-03
+1.62500E-03,+448.75925E-03,+477.90515E-03
+1.65000E-03,+441.56334E-03,+477.40263E-03
+1.67500E-03,+433.62361E-03,+477.40263E-03
+1.70000E-03,+425.84468E-03,+477.34230E-03
+1.72500E-03,+417.68391E-03,+476.90012E-03
+1.75000E-03,+408.05573E-03,+477.40263E-03
+1.77500E-03,+398.58837E-03,+477.40263E-03
+1.80000E-03,+389.26177E-03,+477.14136E-03
+1.82500E-03,+379.61352E-03,+477.24180E-03
+1.85000E-03,+369.46277E-03,+477.40263E-03
+1.87500E-03,+359.31202E-03,+476.90012E-03
+1.90000E-03,+348.73912E-03,+476.98049E-03
+1.92500E-03,+336.81949E-03,+476.90012E-03
+1.95000E-03,+325.08083E-03,+476.90012E-03
+1.97500E-03,+312.81949E-03,+476.90012E-03
+2.00000E-03,+300.31697E-03,+476.90012E-03
+2.02500E-03,+287.79433E-03,+476.90012E-03
+2.05000E-03,+274.74917E-03,+476.90012E-03
+2.07500E-03,+261.30190E-03,+476.39761E-03
+2.10000E-03,+248.29687E-03,+476.90012E-03
+2.12500E-03,+233.78431E-03,+476.69908E-03
+2.15000E-03,+219.77426E-03,+476.39761E-03
+2.17500E-03,+205.72398E-03,+476.39761E-03
+2.20000E-03,+191.29181E-03,+476.39761E-03
+2.22500E-03,+176.73908E-03,+476.39761E-03
+2.25000E-03,+161.42247E-03,+476.39761E-03
+2.27500E-03,+146.48779E-03,+476.39761E-03
+2.30000E-03,+131.55312E-03,+476.39761E-03
+2.32500E-03,+115.67376E-03,+476.39761E-03
+2.35000E-03,+100.67875E-03,+476.39761E-03
+2.37500E-03,+84.83952E-03,+476.39761E-03
+2.40000E-03,+69.48273E-03,+476.39761E-03
+2.42500E-03,+53.86468E-03,+476.39761E-03
+2.45000E-03,+38.42749E-03,+457.09706E-03
+2.47500E-03,+22.90987E-03,+25.96559E-03
+2.50000E-03,+6.54813E-03,+28.65892E-03
+2.52500E-03,-8.38658E-03,+29.16143E-03
+2.55000E-03,-23.98453E-03,+29.16143E-03
+2.57500E-03,-39.26095E-03,+29.42277E-03
+2.60000E-03,-55.20065E-03,+29.84488E-03
+2.62500E-03,-70.13532E-03,+29.66394E-03
+2.65000E-03,-86.07502E-03,+29.66394E-03
+2.67500E-03,-101.51221E-03,+29.66394E-03
+2.70000E-03,-116.94939E-03,+29.66394E-03
+2.72500E-03,-132.38658E-03,+29.66394E-03
+2.75000E-03,-147.82377E-03,+29.66394E-03
+2.77500E-03,-162.37656E-03,+30.16646E-03
+2.80000E-03,-178.19562E-03,+29.70418E-03
+2.82500E-03,-192.66795E-03,+29.66394E-03
+2.85000E-03,-207.05995E-03,+30.16646E-03
+2.87500E-03,-221.49211E-03,+29.66394E-03
+2.90000E-03,-235.42176E-03,+29.66394E-03
+2.92500E-03,-248.84889E-03,+29.66394E-03
+2.95000E-03,-263.16038E-03,+29.72428E-03
+2.97500E-03,-276.70819E-03,+30.16646E-03
+3.00000E-03,-289.83375E-03,+29.66394E-03
+3.02500E-03,-301.91415E-03,+29.84481E-03
+3.05000E-03,-314.99958E-03,+29.92522E-03
+3.07500E-03,-327.92416E-03,+29.82478E-03
+3.10000E-03,-338.65787E-03,+30.08602E-03
+3.12500E-03,-350.23576E-03,+30.16646E-03
+3.15000E-03,-361.39150E-03,+30.08609E-03
+3.17500E-03,-371.88400E-03,+29.66394E-03
+3.20000E-03,-382.45686E-03,+29.90512E-03
+3.22500E-03,-392.84879E-03,+30.16646E-03
+3.25000E-03,-402.49703E-03,+30.16646E-03
+3.27500E-03,-412.12514E-03,+30.14632E-03
+3.30000E-03,-419.84373E-03,+30.16646E-03
+3.32500E-03,-428.56735E-03,+30.02579E-03
+3.35000E-03,-436.28594E-03,+30.16646E-03
+3.37500E-03,-443.80349E-03,+30.16646E-03
+3.40000E-03,-451.22061E-03,+29.78458E-03
+3.42500E-03,-457.93418E-03,+30.16646E-03
+3.45000E-03,-464.68791E-03,-467.45521E-03
+3.47500E-03,-470.47686E-03,-464.92898E-03
+3.50000E-03,-475.46175E-03,-463.50184E-03
+3.52500E-03,-480.54721E-03,-463.30087E-03
+3.55000E-03,-484.82862E-03,-463.30087E-03
+3.57500E-03,-488.54718E-03,-462.79836E-03
+3.60000E-03,-492.40647E-03,-462.79836E-03
+3.62500E-03,-495.36121E-03,-462.79836E-03
+3.65000E-03,-498.11502E-03,-462.79836E-03
+3.67500E-03,-499.72302E-03,-462.29585E-03
+3.70000E-03,-501.65267E-03,-462.29585E-03
+3.72500E-03,-502.99937E-03,-462.79836E-03
+3.75000E-03,-502.99940E-03,-462.29585E-03
+3.77500E-03,-503.42151E-03,-462.21548E-03
+3.80000E-03,-502.99937E-03,-462.29585E-03
+3.82500E-03,-501.99434E-03,-462.05468E-03
+3.85000E-03,-500.30586E-03,-462.29585E-03
+3.87500E-03,-498.37622E-03,-462.29585E-03
+3.90000E-03,-495.44154E-03,-462.29585E-03
+3.92500E-03,-492.56713E-03,-461.85360E-03
+3.95000E-03,-489.21035E-03,-462.15518E-03
+3.97500E-03,-485.06961E-03,-462.01441E-03
+4.00000E-03,-480.98924E-03,-461.79334E-03
+4.02500E-03,-476.12492E-03,-462.29585E-03
+4.05000E-03,-470.75809E-03,-461.79334E-03
+4.07500E-03,-465.43142E-03,-461.79334E-03
+4.10000E-03,-459.13996E-03,-461.79334E-03
+4.12500E-03,-452.04445E-03,-461.79334E-03
+4.15000E-03,-444.82837E-03,-461.79334E-03
+4.17500E-03,-437.61229E-03,-461.79334E-03
+4.20000E-03,-429.45152E-03,-461.35116E-03
+4.22500E-03,-421.19014E-03,-461.79334E-03
+4.25000E-03,-412.94897E-03,-461.79334E-03
+4.27500E-03,-403.90371E-03,-461.61247E-03
+4.30000E-03,-394.25547E-03,-461.79334E-03
+4.32500E-03,-383.60220E-03,-461.45166E-03
+4.35000E-03,-373.45145E-03,-461.29082E-03
+4.37500E-03,-362.79818E-03,-461.29082E-03
+4.40000E-03,-351.72277E-03,-461.29082E-03
+4.42500E-03,-340.64739E-03,-461.29082E-03
+4.45000E-03,-329.06950E-03,-331.68293E-03
+4.47500E-03,-316.80816E-03,-332.14510E-03
+4.50000E-03,-303.80313E-03,-332.64761E-03
+4.52500E-03,-291.32076E-03,-332.64761E-03
+4.55000E-03,-278.29560E-03,-332.64761E-03
+4.57500E-03,-264.78806E-03,-332.64761E-03
+4.60000E-03,-250.77801E-03,-332.64761E-03
+4.62500E-03,-237.27047E-03,-332.64761E-03
+4.65000E-03,-222.75791E-03,-332.64761E-03
+4.67500E-03,-208.74786E-03,-332.18533E-03
+4.70000E-03,-194.27546E-03,-332.64761E-03
+4.72500E-03,-179.84330E-03,-332.52704E-03
+4.75000E-03,-164.40611E-03,-332.44664E-03
+4.77500E-03,-149.47144E-03,-332.42647E-03
+4.80000E-03,-134.53676E-03,-332.64761E-03
+4.82500E-03,-118.59707E-03,-332.20544E-03
+4.85000E-03,-103.66239E-03,-332.14510E-03
+4.87500E-03,-87.42111E-03,-332.14510E-03
+4.90000E-03,-72.10464E-03,-332.14510E-03
+4.92500E-03,-57.10959E-03,-332.14510E-03
+4.95000E-03,-41.06946E-03,-332.14510E-03
+4.97500E-03,-26.05439E-03,-332.14510E-03
+5.00000E-03,-10.53673E-03,-332.14513E-03
+5.02500E-03,+4.90042E-03,-332.14510E-03
+5.05000E-03,+20.67935E-03,-332.14510E-03
+5.07500E-03,+36.27731E-03,-332.14510E-03
+5.10000E-03,+51.39292E-03,-332.14510E-03
+5.12500E-03,+67.15168E-03,-332.14510E-03
+5.15000E-03,+83.09138E-03,-332.14510E-03
+5.17500E-03,+98.02605E-03,-332.14510E-03
+5.20000E-03,+113.46324E-03,-332.14510E-03
+5.22500E-03,+129.12149E-03,-332.14510E-03
+5.25000E-03,+144.33761E-03,-332.14510E-03
+5.27500E-03,+159.27228E-03,-332.02446E-03
+5.30000E-03,+174.66923E-03,-332.10486E-03
+5.32500E-03,+189.64414E-03,-331.68275E-03
+5.35000E-03,+203.69436E-03,-331.64258E-03
+5.37500E-03,+217.50344E-03,-331.64258E-03
+5.40000E-03,+231.71446E-03,-331.64258E-03
+5.42500E-03,+246.08628E-03,-103.44259E-03
+5.45000E-03,+259.67422E-03,+246.68903E-03
+5.47500E-03,+272.73958E-03,+245.24183E-03
+5.50000E-03,+285.34256E-03,+244.73932E-03
+5.52500E-03,+298.24712E-03,+244.41767E-03
+5.55000E-03,+311.01090E-03,+244.23681E-03
+5.57500E-03,+323.09130E-03,+243.89514E-03
+5.60000E-03,+335.17171E-03,+244.23681E-03
+5.62500E-03,+346.74960E-03,+244.23681E-03
+5.65000E-03,+357.40282E-03,+244.23681E-03
+5.67500E-03,+368.05609E-03,+244.23681E-03
+5.70000E-03,+377.96568E-03,+244.23681E-03
+5.72500E-03,+387.85509E-03,+243.73429E-03
+5.75000E-03,+397.00081E-03,+243.73429E-03
+5.77500E-03,+406.64906E-03,+243.73429E-03
+5.80000E-03,+415.85505E-03,+243.73429E-03
+5.82500E-03,+424.57867E-03,+243.87496E-03
+5.85000E-03,+432.29726E-03,+243.73429E-03
+5.87500E-03,+440.21689E-03,+243.73429E-03
+5.90000E-03,+447.61380E-03,+243.35242E-03
+5.92500E-03,+454.40777E-03,+243.73429E-03
+5.95000E-03,+460.69923E-03,+243.73429E-03
+5.97500E-03,+465.98566E-03,+243.73429E-03
+6.00000E-03,+470.76958E-03,+243.23178E-03
+6.02500E-03,+476.05601E-03,+243.73429E-03
+6.05000E-03,+480.69919E-03,+243.37252E-03
+6.07500E-03,+484.55849E-03,+243.67395E-03
+6.10000E-03,+488.41779E-03,+243.23178E-03
+6.12500E-03,+491.27206E-03,+243.33225E-03
+6.15000E-03,+493.80468E-03,+243.41265E-03
+6.17500E-03,+495.49309E-03,+243.23178E-03
+6.20000E-03,+497.00062E-03,+243.23178E-03
+6.22500E-03,+498.08609E-03,+243.23178E-03
+6.25000E-03,+498.50820E-03,+243.23178E-03
+6.27500E-03,+498.58852E-03,+243.23178E-03
+6.30000E-03,+498.16641E-03,+243.23178E-03
+6.32500E-03,+497.24179E-03,+243.23178E-03
+6.35000E-03,+495.81465E-03,+243.23178E-03
+6.37500E-03,+494.28698E-03,+243.23178E-03
+6.40000E-03,+491.45285E-03,+243.23178E-03
+6.42500E-03,+489.02068E-03,+491.79277E-03
+6.45000E-03,+485.58350E-03,+485.94535E-03
+6.47500E-03,+481.86487E-03,+485.22177E-03
+6.50000E-03,+477.30201E-03,+484.73928E-03
+6.52500E-03,+472.01558E-03,+484.43781E-03
+6.55000E-03,+466.72915E-03,+484.90008E-03
+6.57500E-03,+461.44272E-03,+484.43781E-03
+6.60000E-03,+455.65377E-03,+484.81976E-03
+6.62500E-03,+448.85980E-03,+484.43781E-03
+6.65000E-03,+441.62354E-03,+483.93530E-03
+6.67500E-03,+433.62358E-03,+484.29707E-03
+6.70000E-03,+425.90499E-03,+484.43781E-03
+6.72500E-03,+417.68388E-03,+484.43781E-03
+6.75000E-03,+408.05570E-03,+483.93530E-03
+6.77500E-03,+398.40746E-03,+483.93530E-03
+6.80000E-03,+389.26173E-03,+483.93530E-03
+6.82500E-03,+379.95516E-03,+483.93530E-03
+6.85000E-03,+369.46274E-03,+483.93530E-03
+6.87500E-03,+358.80947E-03,+483.93530E-03
+6.90000E-03,+348.73908E-03,+483.93530E-03
+6.92500E-03,+336.65868E-03,+483.93530E-03
+6.95000E-03,+325.32196E-03,+484.17646E-03
+6.97500E-03,+312.81944E-03,+483.93530E-03
+7.00000E-03,+300.41747E-03,+483.93530E-03
+7.02500E-03,+287.31191E-03,+483.93530E-03
+7.05000E-03,+274.74913E-03,+483.93530E-03
+7.07500E-03,+261.30186E-03,+483.79463E-03
+7.10000E-03,+248.29683E-03,+483.65385E-03
+7.12500E-03,+234.28678E-03,+483.43278E-03
+7.15000E-03,+220.15609E-03,+483.93530E-03
+7.17500E-03,+205.76417E-03,+483.43278E-03
+7.20000E-03,+191.75412E-03,+483.43278E-03
+7.22500E-03,+176.85960E-03,+483.43278E-03
+7.25000E-03,+161.72397E-03,+483.43278E-03
+7.27500E-03,+146.48774E-03,+483.43278E-03
+7.30000E-03,+131.55307E-03,+483.43278E-03
+7.32500E-03,+116.11589E-03,+483.43278E-03
+7.35000E-03,+100.67870E-03,+483.43278E-03
+7.37500E-03,+85.24151E-03,+483.03073E-03
+7.40000E-03,+69.48268E-03,+471.53181E-03
+7.42500E-03,+53.36212E-03,+59.03090E-03
+7.45000E-03,+38.08577E-03,+60.81972E-03
+7.47500E-03,+22.90981E-03,+61.32224E-03
+7.50000E-03,+7.05056E-03,+61.82471E-03
+7.52500E-03,-8.30627E-03,+61.82475E-03
+7.55000E-03,-23.98458E-03,+61.82475E-03
+7.57500E-03,-39.26100E-03,+61.82475E-03
+7.60000E-03,-55.20070E-03,+61.82475E-03
+7.62500E-03,-70.03483E-03,+61.82475E-03
+7.65000E-03,-85.57256E-03,+61.82475E-03
+7.67500E-03,-101.51226E-03,+61.82475E-03
+7.70000E-03,-116.94944E-03,+61.82475E-03
+7.72500E-03,-132.66808E-03,+62.04581E-03
+7.75000E-03,-147.62277E-03,+61.82475E-03
+7.77500E-03,-162.25598E-03,+61.82475E-03
+7.80000E-03,-177.69316E-03,+62.28702E-03
+7.82500E-03,-192.62783E-03,+61.82475E-03
+7.85000E-03,-207.06000E-03,+61.94531E-03
+7.87500E-03,-221.19061E-03,+62.12630E-03
+7.90000E-03,-235.48203E-03,+61.82475E-03
+7.92500E-03,-249.21071E-03,+61.82475E-03
+7.95000E-03,-262.71825E-03,+61.82475E-03
+7.97500E-03,-276.22578E-03,+61.82475E-03
+8.00000E-03,-289.83378E-03,+61.82475E-03
+8.02500E-03,-302.23584E-03,+62.14640E-03
+8.05000E-03,-314.99961E-03,+62.06599E-03
+8.07500E-03,-327.58253E-03,+61.82475E-03
+8.10000E-03,-338.65790E-03,+61.82475E-03
+8.12500E-03,-350.23579E-03,+62.32726E-03
+8.15000E-03,-361.39153E-03,+61.82475E-03
+8.17500E-03,-372.04480E-03,+62.32726E-03
+8.20000E-03,-382.19555E-03,+62.08610E-03
+8.22500E-03,-392.84882E-03,+62.32726E-03
+8.25000E-03,-402.49706E-03,+62.32726E-03
+8.27500E-03,-411.64279E-03,+62.32726E-03
+8.30000E-03,-419.84375E-03,+62.32726E-03
+8.32500E-03,-428.56737E-03,+62.32726E-03
+8.35000E-03,-436.28596E-03,+62.32726E-03
+8.37500E-03,-443.50204E-03,+62.32726E-03
+8.40000E-03,-451.22064E-03,-488.76437E-03
+8.42500E-03,-457.93421E-03,-451.74309E-03
+8.45000E-03,-464.68793E-03,-450.73806E-03
+8.47500E-03,-470.47688E-03,-450.23555E-03
+8.50000E-03,-475.76331E-03,-450.23555E-03
+8.52500E-03,-480.54723E-03,-450.23555E-03
+8.55000E-03,-484.68789E-03,-449.73304E-03
+8.57500E-03,-488.98936E-03,-449.73304E-03
+8.60000E-03,-492.40648E-03,-449.73304E-03
+8.62500E-03,-495.36122E-03,-449.73304E-03
+8.65000E-03,-498.11503E-03,-449.73304E-03
+8.67500E-03,-499.98429E-03,-449.73304E-03
+8.70000E-03,-501.65267E-03,-449.39137E-03
+8.72500E-03,-502.57730E-03,-449.73304E-03
+8.75000E-03,-502.99941E-03,-449.73299E-03
+8.77500E-03,-502.99937E-03,-449.73304E-03
+8.80000E-03,-502.49685E-03,-449.39129E-03
+8.82500E-03,-501.73299E-03,-449.49187E-03
+8.85000E-03,-500.30586E-03,-449.41147E-03
+8.87500E-03,-498.27566E-03,-449.33107E-03
+8.90000E-03,-495.92391E-03,-449.23052E-03
+8.92500E-03,-492.56712E-03,-449.29078E-03
+8.95000E-03,-489.21034E-03,-449.23052E-03
+8.97500E-03,-485.35104E-03,-449.23052E-03
+9.00000E-03,-480.98923E-03,-449.23052E-03
+9.02500E-03,-476.50678E-03,-449.23052E-03
+9.05000E-03,-471.22035E-03,-449.23052E-03
+9.07500E-03,-465.43140E-03,-448.76817E-03
+9.10000E-03,-458.75799E-03,-449.23052E-03
+9.12500E-03,-452.34597E-03,-449.23052E-03
+9.15000E-03,-444.82834E-03,-448.72801E-03
+9.17500E-03,-437.61226E-03,-448.86876E-03
+9.20000E-03,-429.83333E-03,-449.23052E-03
+9.22500E-03,-421.17005E-03,-449.21046E-03
+9.25000E-03,-413.04941E-03,-448.72801E-03
+9.27500E-03,-403.90368E-03,-448.72801E-03
+9.30000E-03,-394.25544E-03,-448.72801E-03
+9.32500E-03,-383.94384E-03,-448.72801E-03
+9.35000E-03,-373.45142E-03,-448.72801E-03
+9.37500E-03,-363.30062E-03,-448.22316E-03
+9.40000E-03,-351.72273E-03,-355.60247E-03
+9.42500E-03,-340.48659E-03,-355.76319E-03
+9.45000E-03,-329.06946E-03,-355.76319E-03
+9.47500E-03,-316.80812E-03,-355.76319E-03
+9.50000E-03,-303.90364E-03,-355.76319E-03
+9.52500E-03,-291.30058E-03,-355.76319E-03
+9.55000E-03,-278.29555E-03,-355.76319E-03
+9.57500E-03,-264.78801E-03,-355.76319E-03
+9.60000E-03,-250.77796E-03,-355.76319E-03
+9.62500E-03,-237.27043E-03,-355.76319E-03
+9.65000E-03,-222.75786E-03,-355.76319E-03
+9.67500E-03,-208.74781E-03,-355.76319E-03
+9.70000E-03,-194.27541E-03,-355.76319E-03
+9.72500E-03,-179.84325E-03,-355.26067E-03
+9.75000E-03,-164.40606E-03,-355.76319E-03
+9.77500E-03,-149.47139E-03,-355.54204E-03
+9.80000E-03,-134.53672E-03,-355.62244E-03
+9.82500E-03,-118.65736E-03,-355.26067E-03
+9.85000E-03,-103.66234E-03,-355.74313E-03
+9.87500E-03,-87.82310E-03,-355.36113E-03
+9.90000E-03,-72.28546E-03,-355.26067E-03
+9.92500E-03,-57.35078E-03,-355.26067E-03
+9.95000E-03,-41.41109E-03,-355.42152E-03
+9.97500E-03,-26.47641E-03,-355.26067E-03
+10.00000E-03,-10.53671E-03,-355.26067E-03
+10.02500E-03,+4.90047E-03,-355.26067E-03
+10.05000E-03,+20.84017E-03,-355.26067E-03
+10.07500E-03,+36.27736E-03,-355.26067E-03
+10.10000E-03,+51.39298E-03,-355.26067E-03
+10.12500E-03,+67.15173E-03,-355.26067E-03
+10.15000E-03,+82.60906E-03,-355.26067E-03
+10.17500E-03,+98.02610E-03,-355.26067E-03
+10.20000E-03,+113.60395E-03,-355.26067E-03
+10.22500E-03,+129.40298E-03,-354.97922E-03
+10.25000E-03,+144.33766E-03,-355.26067E-03
+10.27500E-03,+159.27233E-03,-355.26067E-03
+10.30000E-03,+174.66927E-03,-355.26067E-03
+10.32500E-03,+189.64419E-03,-355.22052E-03
+10.35000E-03,+203.69440E-03,-355.26067E-03
+10.37500E-03,+217.70445E-03,+26.59743E-03
+10.40000E-03,+231.93565E-03,+218.38752E-03
+10.42500E-03,+246.22706E-03,+216.96038E-03
+10.45000E-03,+259.23209E-03,+216.09610E-03
+10.47500E-03,+272.73963E-03,+216.09610E-03
+10.50000E-03,+285.34260E-03,+216.09610E-03
+10.52500E-03,+298.24716E-03,+216.09610E-03
+10.55000E-03,+310.74968E-03,+215.59359E-03
+10.57500E-03,+323.59385E-03,+215.59359E-03
+10.60000E-03,+335.09130E-03,+215.59359E-03
+10.62500E-03,+346.74963E-03,+215.59359E-03
+10.65000E-03,+357.40285E-03,+215.59359E-03
+10.67500E-03,+367.89536E-03,+215.59359E-03
+10.70000E-03,+377.70436E-03,+215.59359E-03
+10.72500E-03,+388.17668E-03,+215.59359E-03
+10.75000E-03,+397.00084E-03,+215.59359E-03
+10.77500E-03,+406.64909E-03,+215.59359E-03
+10.80000E-03,+415.79481E-03,+215.59359E-03
+10.82500E-03,+424.57869E-03,+215.09108E-03
+10.85000E-03,+432.29728E-03,+215.09108E-03
+10.87500E-03,+440.21693E-03,+215.09108E-03
+10.90000E-03,+447.73447E-03,+215.09108E-03
+10.92500E-03,+454.40779E-03,+215.09108E-03
+10.95000E-03,+460.23689E-03,+215.09108E-03
+10.97500E-03,+465.98568E-03,+215.21164E-03
+11.00000E-03,+471.27211E-03,+215.09108E-03
+11.02500E-03,+476.05603E-03,+215.09108E-03
+11.05000E-03,+480.69920E-03,+215.09108E-03
+11.07500E-03,+484.55850E-03,+215.09108E-03
+11.10000E-03,+487.91528E-03,+215.11113E-03
+11.12500E-03,+491.27207E-03,+215.09108E-03
+11.15000E-03,+493.80469E-03,+215.09108E-03
+11.17500E-03,+495.49309E-03,+215.09108E-03
+11.20000E-03,+497.16147E-03,+215.09108E-03
+11.22500E-03,+498.08609E-03,+214.58857E-03
+11.25000E-03,+498.50821E-03,+215.09108E-03
+11.27500E-03,+498.50816E-03,+215.01072E-03
+11.30000E-03,+498.16641E-03,+215.09108E-03
+11.32500E-03,+497.50314E-03,+214.84992E-03
+11.35000E-03,+495.81465E-03,+214.91013E-03
+11.37500E-03,+493.88500E-03,+494.28674E-03
+11.40000E-03,+491.93521E-03,+490.97047E-03
+11.42500E-03,+489.08093E-03,+490.52822E-03
+11.45000E-03,+485.58349E-03,+490.46796E-03
+11.47500E-03,+481.36234E-03,+490.24690E-03
+11.50000E-03,+477.00053E-03,+490.46796E-03
+11.52500E-03,+472.01556E-03,+489.96545E-03
+11.55000E-03,+466.72913E-03,+489.96545E-03
+11.57500E-03,+461.44270E-03,+489.96545E-03
+11.60000E-03,+455.27180E-03,+489.96545E-03
+11.62500E-03,+448.85978E-03,+489.96545E-03
+11.65000E-03,+441.56330E-03,+489.46293E-03
+11.67500E-03,+433.62356E-03,+489.96545E-03
+11.70000E-03,+425.90496E-03,+489.46293E-03
+11.72500E-03,+417.20140E-03,+489.46293E-03
+11.75000E-03,+408.05567E-03,+489.06088E-03
+11.77500E-03,+398.40743E-03,+489.46293E-03
+11.80000E-03,+389.26170E-03,+489.46293E-03
+11.82500E-03,+379.61346E-03,+489.30208E-03
+11.85000E-03,+369.46271E-03,+489.46293E-03
+11.87500E-03,+359.31191E-03,+489.46293E-03
+11.90000E-03,+348.31689E-03,+488.96042E-03
+11.92500E-03,+336.65864E-03,+488.96042E-03
+11.95000E-03,+325.08075E-03,+488.96042E-03
+11.97500E-03,+313.00035E-03,+488.96042E-03
+12.00000E-03,+300.31689E-03,+488.96042E-03
+12.02500E-03,+287.31186E-03,+488.96042E-03
+12.05000E-03,+274.80935E-03,+488.96042E-03
+12.07500E-03,+261.66367E-03,+488.96042E-03
+12.10000E-03,+248.29679E-03,+488.45791E-03
+12.12500E-03,+233.78422E-03,+488.96042E-03
+12.15000E-03,+219.65353E-03,+488.45791E-03
+12.17500E-03,+205.72388E-03,+488.45791E-03
+12.20000E-03,+191.75407E-03,+488.49806E-03
+12.22500E-03,+176.85955E-03,+488.96042E-03
+12.25000E-03,+161.72392E-03,+488.75946E-03
+12.27500E-03,+146.48770E-03,+488.45791E-03
+12.30000E-03,+131.55302E-03,+488.45791E-03
+12.32500E-03,+116.11584E-03,+488.45791E-03
+12.35000E-03,+100.67865E-03,+492.82009E-03
+12.37500E-03,+84.73895E-03,+91.67413E-03
+12.40000E-03,+69.30177E-03,+93.48304E-03
+12.42500E-03,+53.36207E-03,+93.98555E-03
+12.45000E-03,+38.08573E-03,+94.14640E-03
+12.47500E-03,+22.90976E-03,+93.98555E-03
+12.50000E-03,+6.54804E-03,+93.98560E-03
+12.52500E-03,-8.30632E-03,+94.48806E-03
+12.55000E-03,-23.98462E-03,+94.14631E-03
+12.57500E-03,-39.26105E-03,+94.48806E-03
+12.60000E-03,-54.87919E-03,+94.48806E-03
+12.62500E-03,-69.63291E-03,+94.48806E-03
+12.65000E-03,-85.57261E-03,+94.48806E-03
+12.67500E-03,-101.45205E-03,+94.48806E-03
+12.70000E-03,-116.44698E-03,+94.48806E-03
+12.72500E-03,-132.66813E-03,+94.48806E-03
+12.75000E-03,-147.32135E-03,+94.48806E-03
+12.77500E-03,-162.25602E-03,+94.48806E-03
+12.80000E-03,-177.69321E-03,+94.48806E-03
+12.82500E-03,-192.66804E-03,+94.48806E-03
+12.85000E-03,-207.06005E-03,+94.48806E-03
+12.87500E-03,-220.98969E-03,+94.48806E-03
+12.90000E-03,-235.20070E-03,+94.48806E-03
+12.92500E-03,-248.84899E-03,+94.48806E-03
+12.95000E-03,-262.71829E-03,+94.48806E-03
+12.97500E-03,-276.22583E-03,+94.48806E-03
+13.00000E-03,-289.73337E-03,+94.48806E-03
+13.02500E-03,-301.91422E-03,+94.48806E-03
+13.05000E-03,-314.99965E-03,+94.24681E-03
+13.07500E-03,-327.42171E-03,+94.48806E-03
+13.10000E-03,-338.65794E-03,+94.40762E-03
+13.12500E-03,-350.23583E-03,+94.48802E-03
+13.15000E-03,-361.39156E-03,+94.48806E-03
+13.17500E-03,-371.54232E-03,+94.48806E-03
+13.20000E-03,-382.19558E-03,+94.22671E-03
+13.22500E-03,-392.52729E-03,+94.48806E-03
+13.25000E-03,-402.49709E-03,+94.08610E-03
+13.27500E-03,-411.64282E-03,+94.48806E-03
+13.30000E-03,-419.84378E-03,+94.48806E-03
+13.32500E-03,-428.42674E-03,+94.48806E-03
+13.35000E-03,-436.50705E-03,-449.50961E-03
+13.37500E-03,-443.80353E-03,-436.66771E-03
+13.40000E-03,-451.10001E-03,-435.66268E-03
+13.42500E-03,-457.89398E-03,-435.11992E-03
+13.45000E-03,-464.18544E-03,-434.65766E-03
+13.47500E-03,-470.47690E-03,-434.77821E-03
+13.50000E-03,-475.76333E-03,-434.35610E-03
+13.52500E-03,-480.32610E-03,-434.43651E-03
+13.55000E-03,-484.68790E-03,-434.15515E-03
+13.57500E-03,-488.54720E-03,-434.15515E-03
+13.60000E-03,-492.40650E-03,-434.15515E-03
+13.62500E-03,-495.36122E-03,-434.15515E-03
+13.65000E-03,-497.79338E-03,-434.15515E-03
+13.67500E-03,-500.22554E-03,-434.15515E-03
+13.70000E-03,-501.49183E-03,-434.15515E-03
+13.72500E-03,-502.57730E-03,-434.15515E-03
+13.75000E-03,-502.99941E-03,-433.65263E-03
+13.77500E-03,-502.99937E-03,-434.07479E-03
+13.80000E-03,-502.65761E-03,-433.65263E-03
+13.82500E-03,-501.73299E-03,-433.89379E-03
+13.85000E-03,-500.30585E-03,-433.83359E-03
+13.87500E-03,-497.87369E-03,-433.65263E-03
+13.90000E-03,-495.44153E-03,-433.65263E-03
+13.92500E-03,-492.50686E-03,-433.65263E-03
+13.95000E-03,-489.21033E-03,-433.65263E-03
+13.97500E-03,-485.35103E-03,-433.65263E-03
+14.00000E-03,-480.78817E-03,-433.65263E-03
+14.02500E-03,-476.00425E-03,-433.65263E-03
+14.05000E-03,-470.75806E-03,-433.65263E-03
+14.07500E-03,-465.43138E-03,-433.65263E-03
+14.10000E-03,-458.75797E-03,-433.65263E-03
+14.12500E-03,-452.04440E-03,-433.65263E-03
+14.15000E-03,-444.60717E-03,-433.15012E-03
+14.17500E-03,-437.61224E-03,-433.29087E-03
+14.20000E-03,-429.39113E-03,-433.15012E-03
+14.22500E-03,-421.17003E-03,-433.15012E-03
+14.25000E-03,-413.04938E-03,-433.65263E-03
+14.27500E-03,-403.90365E-03,-433.15012E-03
+14.30000E-03,-394.25541E-03,-433.15012E-03
+14.32500E-03,-383.60214E-03,-431.86330E-03
+14.35000E-03,-373.37094E-03,-378.29580E-03
+14.37500E-03,-362.79812E-03,-377.87379E-03
+14.40000E-03,-352.14485E-03,-377.87374E-03
+14.42500E-03,-340.48656E-03,-377.87374E-03
+14.45000E-03,-329.06943E-03,-377.87374E-03
+14.47500E-03,-316.80807E-03,-377.87374E-03
+14.50000E-03,-303.80305E-03,-377.87374E-03
+14.52500E-03,-291.32068E-03,-377.87374E-03
+14.55000E-03,-278.29551E-03,-377.87374E-03
+14.57500E-03,-264.78797E-03,-377.87374E-03
+14.60000E-03,-250.77792E-03,-377.87374E-03
+14.62500E-03,-237.27038E-03,-377.87374E-03
+14.65000E-03,-223.26033E-03,-377.87374E-03
+14.67500E-03,-208.74777E-03,-377.87374E-03
+14.70000E-03,-194.27536E-03,-377.87374E-03
+14.72500E-03,-179.84320E-03,-377.87374E-03
+14.75000E-03,-164.60697E-03,-377.87374E-03
+14.77500E-03,-149.47134E-03,-377.65259E-03
+14.80000E-03,-134.53667E-03,-377.37123E-03
+14.82500E-03,-118.59697E-03,-377.81339E-03
+14.85000E-03,-103.66229E-03,-377.37123E-03
+14.87500E-03,-87.82305E-03,-377.37123E-03
+14.90000E-03,-72.28541E-03,-377.37123E-03
+14.92500E-03,-57.10948E-03,-377.63248E-03
+14.95000E-03,-41.41104E-03,-377.37123E-03
+14.97500E-03,-26.05430E-03,-377.37123E-03
+15.00000E-03,-10.53666E-03,-377.37128E-03
+15.02500E-03,+4.82017E-03,-377.37123E-03
+15.05000E-03,+20.67947E-03,-377.37123E-03
+15.07500E-03,+36.27741E-03,-377.61238E-03
+15.10000E-03,+51.21208E-03,-377.37123E-03
+15.12500E-03,+67.15178E-03,-377.37123E-03
+15.15000E-03,+82.60911E-03,-377.37123E-03
+15.17500E-03,+98.46841E-03,-377.81349E-03
+15.20000E-03,+113.96585E-03,-377.37123E-03
+15.22500E-03,+129.40303E-03,-377.37123E-03
+15.25000E-03,+144.63917E-03,-377.37123E-03
+15.27500E-03,+159.77489E-03,-376.98937E-03
+15.30000E-03,+174.66932E-03,-377.37123E-03
+15.32500E-03,+189.64424E-03,+172.95924E-03
+15.35000E-03,+203.69444E-03,+188.07595E-03
+15.37500E-03,+218.00605E-03,+186.95037E-03
+15.40000E-03,+231.93570E-03,+186.44786E-03
+15.42500E-03,+246.22711E-03,+186.30711E-03
+15.45000E-03,+259.23213E-03,+185.94535E-03
+15.47500E-03,+272.73967E-03,+185.94535E-03
+15.50000E-03,+285.34263E-03,+185.94535E-03
+15.52500E-03,+298.24721E-03,+185.94535E-03
+15.55000E-03,+310.74972E-03,+185.94535E-03
+15.57500E-03,+323.09138E-03,+185.44284E-03
+15.60000E-03,+335.09133E-03,+185.44284E-03
+15.62500E-03,+346.74967E-03,+185.44284E-03
+15.65000E-03,+357.40289E-03,+185.86500E-03
+15.67500E-03,+367.89540E-03,+185.78460E-03
+15.70000E-03,+378.20691E-03,+185.68399E-03
+15.72500E-03,+387.85515E-03,+185.76439E-03
+15.75000E-03,+396.90032E-03,+185.44284E-03
+15.77500E-03,+406.64912E-03,+185.44284E-03
+15.80000E-03,+415.79485E-03,+185.44284E-03
+15.82500E-03,+424.07620E-03,+185.44284E-03
+15.85000E-03,+432.07625E-03,+185.44284E-03
+15.87500E-03,+440.01590E-03,+185.44284E-03
+15.90000E-03,+447.23198E-03,+185.44284E-03
+15.92500E-03,+453.94555E-03,+185.44284E-03
+15.95000E-03,+460.19675E-03,+185.44284E-03
+15.97500E-03,+465.48319E-03,+185.44284E-03
+16.00000E-03,+470.97057E-03,+185.44284E-03
+16.02500E-03,+475.83490E-03,+185.44284E-03
+16.05000E-03,+480.69922E-03,+185.44284E-03
+16.07500E-03,+484.55851E-03,+185.44284E-03
+16.10000E-03,+487.91530E-03,+185.44284E-03
+16.12500E-03,+490.87002E-03,+185.44284E-03
+16.15000E-03,+493.30218E-03,+185.44284E-03
+16.17500E-03,+495.23183E-03,+185.18158E-03
+16.20000E-03,+497.16148E-03,+185.44284E-03
+16.22500E-03,+498.00565E-03,+185.44284E-03
+16.25000E-03,+498.50816E-03,+184.94032E-03
+16.27500E-03,+498.50816E-03,+185.36249E-03
+16.30000E-03,+498.50816E-03,+185.44284E-03
+16.32500E-03,+497.74429E-03,+496.67866E-03
+16.35000E-03,+496.13620E-03,+494.48806E-03
+16.37500E-03,+493.88499E-03,+493.98555E-03
+16.40000E-03,+491.93519E-03,+493.98555E-03
+16.42500E-03,+489.02067E-03,+493.48303E-03
+16.45000E-03,+485.58349E-03,+493.48303E-03
+16.47500E-03,+481.36233E-03,+493.48303E-03
+16.50000E-03,+476.79946E-03,+493.48303E-03
+16.52500E-03,+471.63369E-03,+493.36238E-03
+16.55000E-03,+466.72911E-03,+493.02077E-03
+16.57500E-03,+460.98032E-03,+492.98052E-03
+16.60000E-03,+455.15122E-03,+492.98052E-03
+16.62500E-03,+448.35725E-03,+492.98052E-03
+16.65000E-03,+441.34213E-03,+492.69917E-03
+16.67500E-03,+433.62353E-03,+492.98052E-03
+16.70000E-03,+425.40243E-03,+492.47801E-03
+16.72500E-03,+417.18132E-03,+492.47801E-03
+16.75000E-03,+408.15609E-03,+492.47801E-03
+16.77500E-03,+398.40740E-03,+492.47801E-03
+16.80000E-03,+389.26167E-03,+492.47801E-03
+16.82500E-03,+379.45258E-03,+492.47801E-03
+16.85000E-03,+369.46268E-03,+492.47801E-03
+16.87500E-03,+359.31187E-03,+492.47801E-03
+16.90000E-03,+348.31685E-03,+492.47801E-03
+16.92500E-03,+336.65861E-03,+492.47801E-03
+16.95000E-03,+325.08072E-03,+492.47801E-03
+16.97500E-03,+312.81936E-03,+492.47801E-03
+17.00000E-03,+299.91489E-03,+492.07605E-03
+17.02500E-03,+286.82946E-03,+492.47801E-03
+17.05000E-03,+274.74906E-03,+492.03575E-03
+17.07500E-03,+261.66363E-03,+491.97550E-03
+17.10000E-03,+248.29674E-03,+492.19655E-03
+17.12500E-03,+234.08564E-03,+491.97550E-03
+17.15000E-03,+220.27664E-03,+491.97550E-03
+17.17500E-03,+205.72383E-03,+491.97550E-03
+17.20000E-03,+191.75403E-03,+492.01565E-03
+17.22500E-03,+176.85951E-03,+491.97550E-03
+17.25000E-03,+161.92483E-03,+491.97550E-03
+17.27500E-03,+146.48765E-03,+491.97550E-03
+17.30000E-03,+131.55297E-03,+386.40868E-03
+17.32500E-03,+116.05543E-03,+123.69415E-03
+17.35000E-03,+100.17609E-03,+125.12128E-03
+17.37500E-03,+84.73890E-03,+125.64384E-03
+17.40000E-03,+69.30172E-03,+125.64384E-03
+17.42500E-03,+53.62327E-03,+125.88510E-03
+17.45000E-03,+38.08569E-03,+125.98550E-03
+17.47500E-03,+22.90970E-03,+125.64384E-03
+17.50000E-03,+6.54795E-03,+125.64384E-03
+17.52500E-03,-8.30638E-03,+125.64384E-03
+17.55000E-03,-24.32643E-03,+125.98560E-03
+17.57500E-03,-39.26110E-03,+125.88500E-03
+17.60000E-03,-55.20080E-03,+125.64384E-03
+17.62500E-03,-70.13547E-03,+125.64384E-03
+17.65000E-03,-85.57266E-03,+126.14636E-03
+17.67500E-03,-101.45211E-03,+126.08611E-03
+17.70000E-03,-116.94954E-03,+126.14636E-03
+17.72500E-03,-132.38673E-03,+125.86490E-03
+17.75000E-03,-147.32140E-03,+125.84490E-03
+17.77500E-03,-162.25607E-03,+125.64384E-03
+17.80000E-03,-177.69326E-03,+126.10610E-03
+17.82500E-03,-192.62793E-03,+125.64384E-03
+17.85000E-03,-207.06009E-03,+125.64384E-03
+17.87500E-03,-221.19069E-03,+125.64384E-03
+17.90000E-03,-235.20075E-03,+125.64384E-03
+17.92500E-03,-249.21080E-03,+125.64384E-03
+17.95000E-03,-263.22085E-03,+125.70420E-03
+17.97500E-03,-276.70834E-03,+126.12631E-03
+18.00000E-03,-289.73341E-03,+125.64384E-03
+18.02500E-03,-302.23592E-03,+125.64384E-03
+18.05000E-03,-315.24095E-03,+125.64384E-03
+18.07500E-03,-327.58260E-03,+125.64384E-03
+18.10000E-03,-338.65798E-03,+125.64384E-03
+18.12500E-03,-350.23587E-03,+125.64384E-03
+18.15000E-03,-361.73341E-03,+125.64384E-03
+18.17500E-03,-371.88411E-03,+125.80459E-03
+18.20000E-03,-382.19561E-03,+125.64384E-03
+18.22500E-03,-392.84888E-03,+125.64384E-03
+18.25000E-03,-402.49712E-03,+126.04580E-03
+18.27500E-03,-411.62270E-03,+126.14636E-03
+18.30000E-03,-420.28607E-03,-418.82092E-03
+18.32500E-03,-428.06491E-03,-419.22042E-03
+18.35000E-03,-436.28601E-03,-418.57726E-03
+18.37500E-03,-443.50209E-03,-418.07474E-03
+18.40000E-03,-450.59752E-03,-418.07474E-03
+18.42500E-03,-457.89400E-03,-417.61249E-03
+18.45000E-03,-464.64782E-03,-417.57223E-03
+18.47500E-03,-470.47691E-03,-417.57223E-03
+18.50000E-03,-475.46179E-03,-417.57223E-03
+18.52500E-03,-480.04475E-03,-417.57223E-03
+18.55000E-03,-484.68792E-03,-417.57223E-03
+18.57500E-03,-488.54721E-03,-417.57223E-03
+18.60000E-03,-491.90400E-03,-417.57223E-03
+18.62500E-03,-495.26078E-03,-417.17017E-03
+18.65000E-03,-497.79339E-03,-417.39138E-03
+18.67500E-03,-499.96430E-03,-417.06972E-03
+18.70000E-03,-501.65269E-03,-417.23058E-03
+18.72500E-03,-502.57731E-03,-417.06972E-03
+18.75000E-03,-502.99937E-03,-417.06972E-03
+18.77500E-03,-503.42153E-03,-417.06972E-03
+18.80000E-03,-502.65760E-03,-417.06972E-03
+18.82500E-03,-501.99434E-03,-417.06972E-03
+18.85000E-03,-500.30585E-03,-417.06972E-03
+18.87500E-03,-498.37620E-03,-417.06972E-03
+18.90000E-03,-495.42137E-03,-417.06972E-03
+18.92500E-03,-492.56710E-03,-417.06972E-03
+18.95000E-03,-489.21031E-03,-416.92907E-03
+18.97500E-03,-485.35102E-03,-417.06972E-03
+19.00000E-03,-480.48670E-03,-416.86866E-03
+19.02500E-03,-476.12489E-03,-417.06972E-03
+19.05000E-03,-471.22031E-03,-416.60746E-03
+19.07500E-03,-464.96900E-03,-416.56721E-03
+19.10000E-03,-458.63739E-03,-416.68776E-03
+19.12500E-03,-451.84342E-03,-416.56721E-03
+19.15000E-03,-444.82829E-03,-416.84856E-03
+19.17500E-03,-437.61221E-03,-416.56721E-03
+19.20000E-03,-429.39111E-03,-416.56721E-03
+19.22500E-03,-421.17000E-03,-416.56721E-03
+19.25000E-03,-413.45141E-03,-416.56721E-03
+19.27500E-03,-403.90362E-03,-416.06469E-03
+19.30000E-03,-394.25538E-03,-399.48178E-03
+19.32500E-03,-383.60211E-03,-399.32092E-03
+19.35000E-03,-372.94884E-03,-399.48178E-03
+19.37500E-03,-362.79809E-03,-398.97932E-03
+19.40000E-03,-351.72266E-03,-399.40143E-03
+19.42500E-03,-340.14477E-03,-399.32103E-03
+19.45000E-03,-329.06939E-03,-399.22042E-03
+19.47500E-03,-316.80803E-03,-399.16023E-03
+19.50000E-03,-303.80300E-03,-399.38122E-03
+19.52500E-03,-291.30049E-03,-398.97927E-03
+19.55000E-03,-278.29547E-03,-399.03951E-03
+19.57500E-03,-264.78793E-03,-398.97927E-03
+19.60000E-03,-250.77788E-03,-398.97927E-03
+19.62500E-03,-237.06928E-03,-398.97927E-03
+19.65000E-03,-222.75778E-03,-398.97927E-03
+19.67500E-03,-208.74773E-03,-398.97927E-03
+19.70000E-03,-194.23516E-03,-398.97927E-03
+19.72500E-03,-179.72260E-03,-399.09981E-03
+19.75000E-03,-164.40596E-03,-399.28083E-03
+19.77500E-03,-149.47129E-03,-398.97927E-03
+19.80000E-03,-134.53662E-03,-398.97927E-03
+19.82500E-03,-118.59692E-03,-398.97927E-03
+19.85000E-03,-103.66224E-03,-398.97927E-03
+19.87500E-03,-87.72255E-03,-398.87882E-03
+19.90000E-03,-71.78285E-03,-398.97927E-03
+19.92500E-03,-57.35069E-03,-398.97927E-03
+19.95000E-03,-40.90848E-03,-398.47675E-03
+19.97500E-03,-25.97380E-03,-398.89881E-03
+20.00000E-03,-10.53656E-03,-398.47675E-03
+20.02500E-03,+4.90057E-03,-398.97927E-03
+20.05000E-03,+20.84027E-03,-398.47675E-03
+20.07500E-03,+36.27745E-03,-398.47675E-03
+20.10000E-03,+51.21213E-03,-398.29579E-03
+20.12500E-03,+67.15183E-03,-398.47675E-03
+20.15000E-03,+82.60917E-03,-398.47675E-03
+20.17500E-03,+98.46847E-03,-398.47675E-03
+20.20000E-03,+113.96590E-03,-398.47675E-03
+20.22500E-03,+129.40308E-03,-398.47675E-03
+20.25000E-03,+144.33776E-03,-398.47675E-03
+20.27500E-03,+159.27243E-03,+152.66026E-03
+20.30000E-03,+174.66936E-03,+157.26188E-03
+20.32500E-03,+189.64429E-03,+156.29711E-03
+20.35000E-03,+203.69449E-03,+155.79460E-03
+20.37500E-03,+217.70454E-03,+155.29208E-03
+20.40000E-03,+231.93575E-03,+155.29208E-03
+20.42500E-03,+246.22715E-03,+155.29208E-03
+20.45000E-03,+259.23217E-03,+155.23173E-03
+20.47500E-03,+272.73971E-03,+154.80962E-03
+20.50000E-03,+285.64429E-03,+154.78957E-03
+20.52500E-03,+298.24725E-03,+154.78957E-03
+20.55000E-03,+311.01101E-03,+154.78957E-03
+20.57500E-03,+323.09141E-03,+154.78957E-03
+20.60000E-03,+334.66930E-03,+154.78957E-03
+20.62500E-03,+346.74971E-03,+154.78957E-03
+20.65000E-03,+357.40292E-03,+154.78957E-03
+20.67500E-03,+368.05618E-03,+154.78957E-03
+20.70000E-03,+377.70442E-03,+155.03072E-03
+20.72500E-03,+387.85518E-03,+154.78957E-03
+20.75000E-03,+397.00091E-03,+154.78957E-03
+20.77500E-03,+406.64915E-03,+154.78957E-03
+20.80000E-03,+415.85512E-03,+154.78957E-03
+20.82500E-03,+424.57874E-03,+154.78957E-03
+20.85000E-03,+432.07628E-03,+154.78957E-03
+20.87500E-03,+440.31738E-03,+154.78957E-03
+20.90000E-03,+447.23201E-03,+154.78957E-03
+20.92500E-03,+454.40783E-03,+154.78957E-03
+20.95000E-03,+460.19677E-03,+154.78957E-03
+20.97500E-03,+465.98572E-03,+154.78957E-03
+21.00000E-03,+470.76964E-03,+154.78957E-03
+21.02500E-03,+475.83491E-03,+154.78957E-03
+21.05000E-03,+480.19672E-03,+154.78957E-03
+21.07500E-03,+484.05601E-03,+154.78957E-03
+21.10000E-03,+487.91531E-03,+154.78957E-03
+21.12500E-03,+491.27209E-03,+154.78957E-03
+21.15000E-03,+493.62385E-03,+154.46791E-03
+21.17500E-03,+495.23184E-03,+154.28706E-03
+21.20000E-03,+497.00062E-03,+154.44792E-03
+21.22500E-03,+498.00565E-03,+154.78957E-03
+21.25000E-03,+498.50816E-03,+154.78957E-03
+21.27500E-03,+498.50816E-03,+497.06052E-03
+21.30000E-03,+498.16639E-03,+495.49309E-03
+21.32500E-03,+497.50314E-03,+494.99057E-03
+21.35000E-03,+496.31715E-03,+494.80961E-03
+21.37500E-03,+494.28694E-03,+494.48806E-03
+21.40000E-03,+491.45283E-03,+494.46790E-03
+21.42500E-03,+488.57840E-03,+494.42782E-03
+21.45000E-03,+485.22161E-03,+493.98555E-03
+21.47500E-03,+481.36232E-03,+493.98555E-03
+21.50000E-03,+476.79945E-03,+493.98555E-03
+21.52500E-03,+472.01553E-03,+493.98555E-03
+21.55000E-03,+466.72909E-03,+493.98555E-03
+21.57500E-03,+460.94015E-03,+493.98555E-03
+21.60000E-03,+455.15120E-03,+493.98555E-03
+21.62500E-03,+448.85975E-03,+493.98555E-03
+21.65000E-03,+441.06075E-03,+493.98555E-03
+21.67500E-03,+433.62351E-03,+493.98555E-03
+21.70000E-03,+425.40240E-03,+493.98555E-03
+21.72500E-03,+417.18130E-03,+493.96550E-03
+21.75000E-03,+408.55812E-03,+493.48303E-03
+21.77500E-03,+398.90988E-03,+493.48303E-03
+21.80000E-03,+389.26164E-03,+493.48303E-03
+21.82500E-03,+379.45254E-03,+493.48303E-03
+21.85000E-03,+369.04059E-03,+493.06098E-03
+21.87500E-03,+358.80938E-03,+492.98058E-03
+21.90000E-03,+348.23646E-03,+493.40269E-03
+21.92500E-03,+336.65857E-03,+493.48303E-03
+21.95000E-03,+325.08068E-03,+493.24189E-03
+21.97500E-03,+312.81931E-03,+492.98052E-03
+22.00000E-03,+300.31680E-03,+493.08108E-03
+22.02500E-03,+287.31178E-03,+492.98052E-03
+22.05000E-03,+274.74902E-03,+492.98052E-03
+22.07500E-03,+261.30173E-03,+492.98052E-03
+22.10000E-03,+248.07565E-03,+492.98052E-03
+22.12500E-03,+233.78414E-03,+492.98052E-03
+22.15000E-03,+219.77409E-03,+492.98052E-03
+22.17500E-03,+205.76404E-03,+492.94026E-03
+22.20000E-03,+191.29162E-03,+492.98052E-03
+22.22500E-03,+176.73891E-03,+492.98052E-03
+22.25000E-03,+161.42227E-03,+293.94704E-03
+22.27500E-03,+145.98508E-03,+154.00571E-03
+22.30000E-03,+131.05041E-03,+154.78957E-03
+22.32500E-03,+115.61322E-03,+155.29208E-03
+22.35000E-03,+100.17604E-03,+154.80961E-03
+22.37500E-03,+84.33678E-03,+155.29208E-03
+22.40000E-03,+69.30167E-03,+155.29208E-03
+22.42500E-03,+53.36197E-03,+155.29208E-03
+22.45000E-03,+38.08564E-03,+155.29208E-03
+22.47500E-03,+22.90965E-03,+155.71414E-03
+22.50000E-03,+6.54790E-03,+155.29208E-03
+22.52500E-03,-8.38678E-03,+155.71425E-03
+22.55000E-03,-24.16573E-03,+155.45283E-03
+22.57500E-03,-38.99978E-03,+155.55345E-03
+22.60000E-03,-55.20085E-03,+155.29208E-03
+22.62500E-03,-70.13552E-03,+155.29208E-03
+22.65000E-03,-85.57271E-03,+155.29208E-03
+22.67500E-03,-101.45216E-03,+155.29208E-03
+22.70000E-03,-116.94959E-03,+155.29208E-03
+22.72500E-03,-132.38678E-03,+155.57355E-03
+22.75000E-03,-147.82396E-03,+155.29208E-03
+22.77500E-03,-162.25612E-03,+155.29208E-03
+22.80000E-03,-178.15556E-03,+154.78957E-03
+22.82500E-03,-192.62798E-03,+154.82971E-03
+22.85000E-03,-207.06014E-03,+155.29208E-03
+22.87500E-03,-221.19074E-03,+155.29208E-03
+22.90000E-03,-235.20079E-03,+155.29208E-03
+22.92500E-03,-248.84909E-03,+155.29208E-03
+22.95000E-03,-263.16053E-03,+155.29208E-03
+22.97500E-03,-276.22591E-03,+155.29208E-03
+23.00000E-03,-289.83390E-03,+155.29208E-03
+23.02500E-03,-301.91430E-03,+155.29208E-03
+23.05000E-03,-314.73848E-03,+155.29208E-03
+23.07500E-03,-327.58264E-03,+155.29208E-03
+23.10000E-03,-338.65802E-03,+155.29208E-03
+23.12500E-03,-350.23591E-03,+155.29208E-03
+23.15000E-03,-361.39163E-03,+155.29208E-03
+23.17500E-03,-371.88415E-03,+155.29208E-03
+23.20000E-03,-382.19565E-03,+155.29208E-03
+23.22500E-03,-393.02988E-03,+155.61363E-03
+23.25000E-03,-402.49715E-03,-403.50188E-03
+23.27500E-03,-412.12523E-03,-400.46664E-03
+23.30000E-03,-419.84383E-03,-399.54202E-03
+23.32500E-03,-428.56745E-03,-399.48178E-03
+23.35000E-03,-436.28604E-03,-398.97927E-03
+23.37500E-03,-443.50212E-03,-398.97927E-03
+23.40000E-03,-450.71820E-03,-398.97927E-03
+23.42500E-03,-457.89402E-03,-398.51702E-03
+23.45000E-03,-464.64785E-03,-398.47675E-03
+23.47500E-03,-470.47693E-03,-398.47675E-03
+23.50000E-03,-475.46180E-03,-398.47675E-03
+23.52500E-03,-480.04477E-03,-398.47675E-03
+23.55000E-03,-484.32618E-03,-398.47675E-03
+23.57500E-03,-488.54723E-03,-398.47675E-03
+23.60000E-03,-492.40652E-03,-398.47675E-03
+23.62500E-03,-495.26079E-03,-398.47675E-03
+23.65000E-03,-497.79340E-03,-398.47675E-03
+23.67500E-03,-500.22556E-03,-398.47675E-03
+23.70000E-03,-501.49183E-03,-398.47675E-03
+23.72500E-03,-502.49685E-03,-397.97424E-03
+23.75000E-03,-502.99943E-03,-397.97424E-03
+23.77500E-03,-503.42154E-03,-398.05458E-03
+23.80000E-03,-502.49685E-03,-397.97424E-03
+23.82500E-03,-501.73297E-03,-397.97424E-03
+23.85000E-03,-500.30584E-03,-397.97424E-03
+23.87500E-03,-497.87368E-03,-398.37619E-03
+23.90000E-03,-495.42136E-03,-397.97424E-03
+23.92500E-03,-492.50684E-03,-397.97424E-03
+23.95000E-03,-488.84843E-03,-397.97424E-03
+23.97500E-03,-485.06954E-03,-397.97424E-03
+24.00000E-03,-480.98920E-03,-397.97424E-03
+24.02500E-03,-476.12487E-03,-397.47173E-03
+24.05000E-03,-471.22029E-03,-397.51199E-03
+24.07500E-03,-465.43135E-03,-397.47173E-03
+24.10000E-03,-458.63738E-03,-397.47173E-03
+24.12500E-03,-451.84341E-03,-397.47173E-03
+24.15000E-03,-444.54692E-03,-397.47173E-03
+24.17500E-03,-437.61219E-03,-397.47173E-03
+24.20000E-03,-429.39108E-03,-397.47173E-03
+24.22500E-03,-421.19002E-03,-397.47173E-03
+24.25000E-03,-412.94887E-03,-418.57726E-03
+24.27500E-03,-403.90359E-03,-418.57726E-03
+24.30000E-03,-394.25534E-03,-418.57726E-03
+24.32500E-03,-383.44121E-03,-418.57726E-03
+24.35000E-03,-373.37086E-03,-418.07474E-03
+24.37500E-03,-362.79800E-03,-418.07481E-03
+24.40000E-03,-351.72262E-03,-418.07474E-03
+24.42500E-03,-340.14473E-03,-418.07474E-03
+24.45000E-03,-329.06935E-03,-418.07474E-03
+24.47500E-03,-316.48644E-03,-418.07474E-03
+24.50000E-03,-303.80296E-03,-418.07474E-03
+24.52500E-03,-291.32061E-03,-418.07474E-03
+24.55000E-03,-278.29542E-03,-418.07474E-03
+24.57500E-03,-264.78789E-03,-418.07474E-03
+24.60000E-03,-250.77783E-03,-417.85370E-03
+24.62500E-03,-237.27030E-03,-418.07474E-03
+24.65000E-03,-222.75773E-03,-417.95408E-03
+24.67500E-03,-208.74768E-03,-417.57223E-03
+24.70000E-03,-194.27526E-03,-418.03460E-03
+24.72500E-03,-179.84310E-03,-417.57223E-03
+24.75000E-03,-164.40591E-03,-417.57223E-03
+24.77500E-03,-149.47124E-03,-417.85358E-03
+24.80000E-03,-134.53657E-03,-417.57223E-03
+24.82500E-03,-118.59687E-03,-417.57223E-03
+24.85000E-03,-103.66219E-03,-417.57223E-03
+24.87500E-03,-87.72250E-03,-417.57223E-03
+24.90000E-03,-71.78280E-03,-417.75307E-03
+24.92500E-03,-56.84812E-03,-417.57223E-03
+24.95000E-03,-41.06929E-03,-417.57223E-03
+24.97500E-03,-26.05422E-03,-417.57223E-03
